ora,minuti,secondi,millisecondi,mvmt,thr,motion_index,picco,state,pkt_s,channel,rssi,headcount
23,2,5,96,0.0000,2.69,0.000000,0,IDLE,0,6,-43,0
23,2,6,663,0.0154,2.69,0.005725,0,IDLE,60,6,-42,0
23,2,8,472,0.0149,2.69,0.005539,0,IDLE,58,6,-41,0
23,2,10,213,0.0087,2.69,0.003234,0,IDLE,57,6,-42,0
23,2,11,851,0.0126,2.69,0.004684,0,IDLE,60,6,-42,0
23,2,13,592,0.0111,2.69,0.004126,0,IDLE,58,6,-41,0
23,2,15,120,0.0087,2.69,0.003234,0,IDLE,63,6,-43,0
23,2,16,870,0.0127,2.69,0.004721,0,IDLE,61,6,-42,0
23,2,18,423,0.0187,2.69,0.006952,0,IDLE,57,6,-41,0
23,2,20,250,0.0165,2.69,0.006134,0,IDLE,58,6,-42,0
23,2,21,787,0.0162,2.69,0.006022,0,IDLE,61,6,-42,0
23,2,23,629,0.0218,2.69,0.008104,0,IDLE,57,6,-43,0
23,2,25,265,0.0169,2.69,0.006283,0,IDLE,60,6,-41,0
23,2,26,816,0.0158,2.69,0.005874,0,IDLE,60,6,-41,0
23,2,28,543,0.0100,2.69,0.003717,0,IDLE,61,6,-41,0
23,2,30,184,0.0113,2.69,0.004201,0,IDLE,57,6,-43,0
23,2,31,923,0.0143,2.69,0.005316,0,IDLE,60,6,-42,0
23,2,33,662,0.0136,2.69,0.005056,0,IDLE,58,6,-41,0
23,2,35,200,0.0154,2.69,0.005725,0,IDLE,65,6,-41,0
23,2,36,735,2.3988,2.69,0.891747,0,IDLE,63,6,-41,0
23,2,38,479,0.0153,2.69,0.005688,0,IDLE,57,6,-41,0
23,2,40,113,0.0130,2.69,0.004833,0,IDLE,61,6,-41,0
23,2,41,661,0.0129,2.69,0.004796,0,IDLE,64,6,-41,0
23,2,43,393,0.0101,2.69,0.003755,0,IDLE,58,6,-41,0
23,2,45,34,0.0126,2.69,0.004684,0,IDLE,57,6,-41,0
23,2,46,724,0.0123,2.69,0.004572,0,IDLE,60,6,-41,0
23,2,48,515,0.0136,2.69,0.005056,0,IDLE,57,6,-41,0
23,2,50,253,0.0116,2.69,0.004312,0,IDLE,57,6,-41,0
23,2,51,993,0.0102,2.69,0.003792,0,IDLE,56,6,-43,0
23,2,53,734,0.0144,2.69,0.005353,0,IDLE,57,6,-42,0
23,2,55,378,0.0137,2.69,0.005093,0,IDLE,58,6,-42,0
23,2,57,40,0.0163,2.69,0.006059,0,IDLE,60,6,-41,0
23,2,58,751,0.0096,2.69,0.003569,0,IDLE,60,6,-43,0
23,3,0,594,0.0106,2.69,0.003941,0,IDLE,54,6,-43,0
23,3,2,45,0.0136,2.69,0.005056,0,IDLE,64,6,-41,0
23,3,3,771,0.0204,2.69,0.007584,0,IDLE,61,6,-42,0
23,3,5,615,0.0174,2.69,0.006468,0,IDLE,58,6,-43,0
23,3,7,152,0.0115,2.69,0.004275,0,IDLE,60,6,-41,0
23,3,9,0,0.0123,2.69,0.004572,0,IDLE,51,6,-41,0
23,3,10,839,0.6935,2.69,0.257807,0,IDLE,57,6,-41,0
23,3,12,579,0.0392,2.69,0.014572,0,IDLE,56,6,-41,0
23,3,14,321,0.0301,2.69,0.011190,0,IDLE,57,6,-41,0
23,3,16,62,0.0371,2.69,0.013792,0,IDLE,58,6,-41,0
23,3,17,698,0.0231,2.69,0.008587,0,IDLE,61,6,-42,0
23,3,19,136,0.0367,2.69,0.013643,0,IDLE,67,6,-41,0
23,3,20,895,0.0362,2.69,0.013457,0,IDLE,60,6,-43,0
23,3,22,817,0.0553,2.69,0.020558,0,IDLE,51,6,-42,0
23,3,24,566,0.0357,2.69,0.013271,0,IDLE,54,6,-41,0
23,3,26,196,0.0335,2.69,0.012454,0,IDLE,60,6,-41,0
23,3,27,736,0.0510,2.69,0.018959,0,IDLE,61,6,-43,0
23,3,29,576,0.0568,2.69,0.021115,0,IDLE,59,6,-41,0
23,3,31,112,0.0396,2.69,0.014721,0,IDLE,61,6,-41,0
23,3,32,648,0.0360,2.69,0.013383,0,IDLE,66,6,-43,0
23,3,34,303,0.0405,2.69,0.015056,0,IDLE,56,6,-41,0
23,3,35,841,0.4763,2.69,0.177063,0,IDLE,70,6,-43,0
23,3,37,360,0.0392,2.69,0.014572,0,IDLE,64,6,-41,0
23,3,38,998,0.0622,2.69,0.023123,0,IDLE,60,6,-41,0
23,3,40,566,0.0336,2.69,0.012491,0,IDLE,60,6,-43,0
23,3,42,178,0.0343,2.69,0.012751,0,IDLE,62,6,-43,0
23,3,43,725,0.0481,2.69,0.017881,0,IDLE,64,6,-43,0
23,3,45,76,0.0459,2.69,0.017063,0,IDLE,73,6,-42,0
23,3,46,678,0.0274,2.69,0.010186,0,IDLE,65,6,-43,0
23,3,48,251,0.0463,2.69,0.017212,0,IDLE,60,6,-42,0
23,3,49,956,0.0331,2.69,0.012305,0,IDLE,61,6,-40,0
23,3,51,593,0.2375,2.69,0.088290,0,IDLE,60,6,-41,0
23,3,53,231,0.0139,2.69,0.005167,0,IDLE,62,6,-41,0
23,3,54,986,0.0049,2.69,0.001822,0,IDLE,59,6,-41,0
23,3,56,610,0.0091,2.69,0.003383,0,IDLE,57,6,-41,0
23,3,58,249,0.0069,2.69,0.002565,0,IDLE,61,6,-41,0
23,3,59,871,0.0060,2.69,0.002230,0,IDLE,60,6,-41,0
23,4,1,322,0.0084,2.69,0.003123,0,IDLE,70,6,-42,1
23,4,2,857,0.0153,2.69,0.005688,0,IDLE,64,6,-42,1
23,4,4,701,0.0415,2.69,0.015428,0,IDLE,55,6,-46,1
23,4,6,444,0.2011,2.69,0.074758,0,IDLE,57,6,-48,1
23,4,8,50,0.4282,2.69,0.159182,0,IDLE,60,6,-44,1
23,4,9,720,0.6467,2.69,0.240409,0,IDLE,60,6,-44,1
23,4,11,562,0.4615,2.69,0.171561,0,IDLE,56,6,-47,1
23,4,13,100,1.5138,2.69,0.562751,0,IDLE,61,6,-44,1
23,4,14,942,1.9080,2.69,0.709294,0,IDLE,54,6,-47,1
23,4,16,480,1.6808,2.69,0.624833,0,IDLE,64,6,-44,1
23,4,18,19,7.1501,2.69,2.658030,1,MOTION,65,6,-46,1
23,4,19,755,2.6679,2.69,0.991784,0,MOTION,57,6,-44,1
23,4,21,496,2.1091,2.69,0.784052,0,IDLE,57,6,-48,1
23,4,23,340,1.6917,2.69,0.628885,0,IDLE,54,6,-47,1
23,4,24,802,1.0630,2.69,0.395167,0,IDLE,64,6,-46,1
23,4,26,514,1.0333,2.69,0.384126,0,IDLE,61,6,-50,1
23,4,28,154,4.3293,2.69,1.609405,1,IDLE,59,6,-50,1
23,4,29,893,2.5614,2.69,0.952193,0,MOTION,58,6,-45,1
23,4,31,429,3.8524,2.69,1.432119,1,IDLE,63,6,-48,1
23,4,33,69,0.6720,2.69,0.249814,0,IDLE,61,6,-47,1
23,4,34,708,0.1209,2.69,0.044944,0,IDLE,57,6,-45,1
23,4,36,549,0.4421,2.69,0.164349,0,IDLE,57,6,-41,1
23,4,38,105,0.3499,2.69,0.130074,0,IDLE,60,6,-48,1
23,4,39,826,1.3568,2.69,0.504387,0,IDLE,61,6,-47,1
23,4,41,394,1.7479,2.69,0.649777,0,IDLE,60,6,-47,1
23,4,42,950,0.3011,2.69,0.111933,0,IDLE,64,6,-46,1
23,4,44,742,0.0515,2.69,0.019145,0,IDLE,58,6,-47,1
23,4,46,482,0.1443,2.69,0.053643,0,IDLE,57,6,-51,1
23,4,48,34,0.2157,2.69,0.080186,0,IDLE,60,6,-47,1
23,4,49,763,0.1727,2.69,0.064201,0,IDLE,60,6,-44,1
23,4,51,399,0.6211,2.69,0.230892,0,IDLE,61,6,-47,1
23,4,52,957,10.8318,2.69,4.026691,1,MOTION,60,6,-46,1
23,4,54,781,8.6516,2.69,3.216208,1,MOTION,57,6,-47,1
23,4,56,416,2.5910,2.69,0.963197,0,MOTION,60,6,-46,1
23,4,57,953,0.5581,2.69,0.207472,0,IDLE,65,6,-48,1
23,4,59,796,1.4542,2.69,0.540595,0,IDLE,54,6,-46,1
23,5,1,436,1.0681,2.69,0.397063,0,IDLE,61,6,-46,1
23,5,3,74,1.1435,2.69,0.425093,0,IDLE,61,6,-46,1
23,5,4,712,7.8930,2.69,2.934201,1,IDLE,59,6,-44,1
23,5,6,454,5.8739,2.69,2.183606,1,MOTION,58,6,-43,1
23,5,7,989,2.6632,2.69,0.990037,0,MOTION,64,6,-45,1
23,5,9,659,0.3014,2.69,0.112045,0,IDLE,56,6,-46,1
23,5,11,368,0.3245,2.69,0.120632,0,IDLE,61,6,-45,1
23,5,13,111,0.1890,2.69,0.070260,0,IDLE,57,6,-47,1
23,5,14,848,0.0913,2.69,0.033941,0,IDLE,58,6,-47,1
23,5,16,590,0.4115,2.69,0.152974,0,IDLE,57,6,-48,1
23,5,18,127,0.4038,2.69,0.150112,0,IDLE,64,6,-42,1
23,5,19,765,0.4876,2.69,0.181264,0,IDLE,61,6,-47,1
23,5,21,404,0.2812,2.69,0.104535,0,IDLE,61,6,-47,1
23,5,23,47,0.2571,2.69,0.095576,0,IDLE,59,6,-45,1
23,5,24,783,0.2303,2.69,0.085613,0,IDLE,55,6,-46,1
23,5,26,523,0.4504,2.69,0.167435,0,IDLE,59,6,-49,1
23,5,28,161,0.4704,2.69,0.174870,0,IDLE,58,6,-48,1
23,5,30,5,0.1275,2.69,0.047398,0,IDLE,56,6,-43,1
23,5,31,850,0.2149,2.69,0.079888,0,IDLE,54,6,-46,1
23,5,33,561,0.3635,2.69,0.135130,0,IDLE,57,6,-46,1
23,5,35,330,0.2511,2.69,0.093346,0,IDLE,58,6,-48,1
23,5,36,984,0.1023,2.69,0.038030,0,IDLE,56,6,-45,1
23,5,38,712,0.2056,2.69,0.076431,0,IDLE,60,6,-47,1
23,5,40,373,1.0814,2.69,0.402007,0,IDLE,57,6,-46,1
23,5,42,90,1.1933,2.69,0.443606,0,IDLE,60,6,-47,1
23,5,43,831,0.0421,2.69,0.015651,0,IDLE,57,6,-45,1
23,5,45,593,0.3066,2.69,0.113978,0,IDLE,57,6,-43,1
23,5,47,245,0.3546,2.69,0.131822,0,IDLE,57,6,-48,1
23,5,48,950,0.3300,2.69,0.122677,0,IDLE,61,6,-45,1
23,5,50,588,0.2649,2.69,0.098476,0,IDLE,60,6,-46,1
23,5,52,433,0.3072,2.69,0.114201,0,IDLE,57,6,-47,1
23,5,54,7,0.7084,2.69,0.263346,0,IDLE,57,6,-42,1
23,5,55,702,0.0354,2.69,0.013160,0,IDLE,61,6,-44,1
23,5,57,449,0.2485,2.69,0.092379,0,IDLE,57,6,-49,1
23,5,59,296,0.1271,2.69,0.047249,0,IDLE,55,6,-47,1
23,12,0,599,0.0137,0.1454,0.094223,0,IDLE,61,6,-41,0
23,12,2,423,0.0189,0.1454,0.129986,0,IDLE,57,6,-41,0
23,12,4,64,0.0191,0.1454,0.131362,0,IDLE,61,6,-43,0
23,12,5,804,0.0222,0.1454,0.152682,0,IDLE,57,6,-43,0
23,12,7,619,0.0181,0.1454,0.124484,0,IDLE,55,6,-41,0
23,12,9,392,0.0192,0.1454,0.132050,0,IDLE,55,6,-43,0
23,12,10,943,0.0200,0.1454,0.137552,0,IDLE,60,6,-43,0
23,12,12,767,0.0123,0.1454,0.084594,0,IDLE,57,6,-42,0
23,12,14,406,0.0133,0.1454,0.091472,0,IDLE,60,6,-41,0
23,12,16,45,0.0102,0.1454,0.070151,0,IDLE,62,6,-41,0
23,12,17,683,0.0200,0.1454,0.137552,0,IDLE,60,6,-42,0
23,12,19,527,0.0155,0.1454,0.106602,0,IDLE,55,6,-41,0
23,12,21,165,0.0183,0.1454,0.125860,0,IDLE,59,6,-41,0
23,12,22,906,0.0185,0.1454,0.127235,0,IDLE,57,6,-41,0
23,12,24,441,1.8813,0.1454,12.938790,1,IDLE,61,6,-42,0
23,12,26,80,0.5884,0.1454,4.046768,1,MOTION,63,6,-41,0
23,12,27,732,0.0266,0.1454,0.182944,0,IDLE,57,6,-41,0
23,12,29,518,0.0175,0.1454,0.120358,0,IDLE,57,6,-41,0
23,12,31,98,0.0316,0.1454,0.217331,0,IDLE,63,6,-41,0
23,12,32,840,0.0330,0.1454,0.226960,0,IDLE,57,6,-43,0
23,12,34,479,0.0257,0.1454,0.176754,0,IDLE,61,6,-41,0
23,12,36,321,0.0141,0.1454,0.096974,0,IDLE,54,6,-41,0
23,12,38,62,0.0179,0.1454,0.123109,0,IDLE,57,6,-42,0
23,12,39,699,0.0152,0.1454,0.104539,0,IDLE,61,6,-42,0
23,12,41,236,0.0134,0.1454,0.092160,0,IDLE,63,6,-43,0
23,12,42,977,0.0495,0.1454,0.340440,0,IDLE,58,6,-42,0
23,12,44,515,0.0198,0.1454,0.136176,0,IDLE,63,6,-41,0
23,12,46,356,0.0277,0.1454,0.190509,0,IDLE,57,6,-41,0
23,12,48,96,0.0349,0.1454,0.240028,0,IDLE,54,6,-41,0
23,12,49,635,0.0308,0.1454,0.211829,0,IDLE,63,6,-41,0
23,12,51,273,0.0071,0.1454,0.048831,0,IDLE,60,6,-43,0
23,12,53,115,0.0185,0.1454,0.127235,0,IDLE,54,6,-41,0
23,12,54,858,0.0245,0.1454,0.168501,0,IDLE,56,6,-41,0
23,12,56,392,0.0242,0.1454,0.166437,0,IDLE,62,6,-43,0
23,12,58,236,0.5408,0.1454,3.719395,1,IDLE,59,6,-41,0
23,12,59,877,0.1805,0.1454,1.241403,1,MOTION,57,6,-41,0
23,13,1,446,0.0057,0.1454,0.039202,0,IDLE,61,6,-41,0
23,13,3,88,0.0061,0.1454,0.041953,0,IDLE,61,6,-41,0
23,13,4,891,0.0069,0.1454,0.047455,0,IDLE,58,6,-41,0
23,13,6,633,0.0061,0.1454,0.041953,0,IDLE,57,6,-41,0
23,13,8,272,0.0067,0.1454,0.046080,0,IDLE,57,6,-43,0
23,13,10,13,0.0054,0.1454,0.037139,0,IDLE,61,6,-42,0
23,13,11,756,0.0051,0.1454,0.035076,0,IDLE,57,6,-43,0
23,13,13,494,0.0042,0.1454,0.028886,0,IDLE,57,6,-43,0
23,13,15,23,0.0064,0.1454,0.044017,0,IDLE,63,6,-42,0
23,13,16,670,0.0080,0.1454,0.055021,0,IDLE,61,6,-41,0
23,13,18,229,0.0030,0.1454,0.020633,0,IDLE,61,6,-43,0
23,13,19,945,0.0079,0.1454,0.054333,0,IDLE,62,6,-41,0
23,13,21,408,0.0069,0.1454,0.047455,0,IDLE,63,6,-41,0
23,13,23,119,0.0078,0.1454,0.053645,0,IDLE,64,6,-41,0
23,13,24,758,0.0074,0.1454,0.050894,0,IDLE,58,6,-41,0
23,13,26,499,0.0050,0.1454,0.034388,0,IDLE,60,6,-43,0
23,13,28,38,0.0061,0.1454,0.041953,0,IDLE,62,6,-41,0
23,13,29,577,0.0063,0.1454,0.043329,0,IDLE,65,6,-42,0
23,13,31,211,0.1131,0.1454,0.777854,0,IDLE,61,6,-41,0
23,13,32,858,0.6456,0.1454,4.440165,1,MOTION,60,6,-41,0
23,13,34,589,0.0256,0.1454,0.176066,0,IDLE,58,6,-41,0
23,13,36,148,0.0133,0.1454,0.091472,0,IDLE,60,6,-43,0
23,13,37,970,0.0135,0.1454,0.092847,0,IDLE,58,6,-41,0
23,13,39,711,0.0511,0.1454,0.351444,0,IDLE,57,6,-41,0
23,13,41,246,0.4369,0.1454,3.004814,1,MOTION,61,6,-43,0
23,13,42,886,0.0092,0.1454,0.063274,0,IDLE,65,6,-41,0
23,13,44,420,0.0084,0.1454,0.057772,0,IDLE,63,6,-41,0
23,13,46,162,0.0094,0.1454,0.064649,0,IDLE,58,6,-41,0
23,13,47,699,0.0102,0.1454,0.070151,0,IDLE,64,6,-41,0
23,13,49,542,0.0102,0.1454,0.070151,0,IDLE,55,6,-41,0
23,13,51,180,0.0109,0.1454,0.074966,0,IDLE,60,6,-41,0
23,13,52,715,0.0121,0.1454,0.083219,0,IDLE,64,6,-42,0
23,13,54,457,0.0080,0.1454,0.055021,0,IDLE,58,6,-43,0
23,13,56,96,0.0042,0.1454,0.028886,0,IDLE,61,6,-43,0
23,13,57,733,0.3341,0.1454,2.297799,1,MOTION,59,6,-43,0
23,13,59,577,0.0178,0.1454,0.122421,0,MOTION,55,6,-41,0
23,14,1,114,0.0126,0.1454,0.086657,0,IDLE,63,6,-42,1
23,14,2,752,0.1231,0.1454,0.846630,0,IDLE,58,6,-47,1
23,14,4,286,0.4248,0.1454,2.921596,1,MOTION,65,6,-46,1
23,14,6,132,0.3197,0.1454,2.198762,1,MOTION,57,6,-45,1
23,14,7,769,0.0727,0.1454,0.500000,0,MOTION,60,6,-44,1
23,14,9,240,0.2199,0.1454,1.512380,1,IDLE,64,6,-46,1
23,14,10,944,0.1228,0.1454,0.844567,0,IDLE,61,6,-46,1
23,14,12,583,0.1100,0.1454,0.756534,0,IDLE,64,6,-46,1
23,14,14,325,0.2148,0.1454,1.477304,1,IDLE,57,6,-50,1
23,14,15,791,1.2462,0.1454,8.570839,1,MOTION,61,6,-46,1
23,14,17,600,0.7097,0.1454,4.881018,1,MOTION,58,6,-46,1
23,14,19,341,3.1741,0.1454,21.830124,1,MOTION,57,6,-47,1
23,14,20,878,3.0650,0.1454,21.079780,1,MOTION,64,6,-51,1
23,14,22,326,13.9090,0.1454,95.660248,1,MOTION,65,6,-47,1
23,14,24,156,1.8195,0.1454,12.513755,1,MOTION,57,6,-47,1
23,14,25,896,4.1475,0.1454,28.524759,1,MOTION,58,6,-46,1
23,14,27,636,1.2876,0.1454,8.855571,1,MOTION,57,6,-50,1
23,14,29,276,0.4195,0.1454,2.885144,1,MOTION,60,6,-48,1
23,14,30,803,0.7026,0.1454,4.832187,1,MOTION,63,6,-48,1
23,14,32,551,0.2533,0.1454,1.742091,1,MOTION,57,6,-47,1
23,14,34,294,1.7121,0.1454,11.775103,1,MOTION,57,6,-45,1
23,14,35,930,0.9218,0.1454,6.339752,1,MOTION,61,6,-46,1
23,14,37,570,10.5535,0.1454,72.582531,1,MOTION,60,6,-45,1
23,14,39,414,2.7849,0.1454,19.153370,1,MOTION,56,6,-47,1
23,14,41,50,1.1226,0.1454,7.720770,1,MOTION,55,6,-46,1
23,14,42,795,1.0277,0.1454,7.068088,1,MOTION,61,6,-46,1
23,14,44,253,1.8084,0.1454,12.437414,1,MOTION,63,6,-49,1
23,14,45,967,1.3278,0.1454,9.132050,1,MOTION,62,6,-49,1
23,14,47,503,3.1969,0.1454,21.986933,1,MOTION,64,6,-47,1
23,14,49,242,2.6954,0.1454,18.537827,1,MOTION,57,6,-47,1
23,14,50,882,1.5002,0.1454,10.317744,1,MOTION,61,6,-48,1
23,14,52,623,4.5351,0.1454,31.190509,1,MOTION,56,6,-53,1
23,14,54,467,9.3577,0.1454,64.358322,1,MOTION,56,6,-46,1
23,14,56,1,2.0512,0.1454,14.107290,1,MOTION,62,6,-44,1
23,14,57,640,1.6924,0.1454,11.639615,1,MOTION,60,6,-45,1
23,14,59,383,0.6943,0.1454,4.775103,1,MOTION,60,6,-48,1
23,15,1,20,0.9118,0.1454,6.270977,1,MOTION,60,6,-45,1
23,15,2,456,0.6635,0.1454,4.563274,1,MOTION,66,6,-47,1
23,15,3,394,1.1920,0.1454,8.198074,1,MOTION,97,6,-44,1
23,15,4,399,3.4204,0.1454,23.524072,1,MOTION,107,6,-43,1
23,15,5,425,0.9075,0.1454,6.241403,1,MOTION,106,6,-46,1
23,15,6,502,2.2414,0.1454,15.415406,1,MOTION,88,6,-48,1
23,15,7,573,0.9359,0.1454,6.436726,1,MOTION,91,6,-47,1
23,15,8,803,1.4319,0.1454,9.848006,1,MOTION,81,6,-49,1
23,15,10,544,8.6842,0.1454,59.726272,1,MOTION,59,6,-49,1
23,15,12,81,6.1472,0.1454,42.277854,1,MOTION,62,6,-48,1
23,15,13,719,1.6021,0.1454,11.018569,1,MOTION,60,6,-47,1
23,15,15,284,1.7862,0.1454,12.284732,1,MOTION,60,6,-45,1
23,15,17,100,0.2989,0.1454,2.055708,1,MOTION,58,6,-48,1
23,15,18,736,1.5971,0.1454,10.984182,1,MOTION,61,6,-49,1
23,15,20,187,0.5884,0.1454,4.046768,1,MOTION,64,6,-44,1
23,15,21,911,0.7421,0.1454,5.103851,1,MOTION,61,6,-47,1
23,15,23,653,3.6644,0.1454,25.202201,1,MOTION,57,6,-48,1
23,15,25,188,3.1828,0.1454,21.889959,1,MOTION,64,6,-51,1
23,15,26,835,1.3434,0.1454,9.239340,1,MOTION,58,6,-44,1
23,15,28,465,3.6156,0.1454,24.866575,1,MOTION,65,6,-47,1
23,15,30,2,1.3535,0.1454,9.308803,1,MOTION,65,6,-46,1
23,15,31,741,0.3758,0.1454,2.584594,1,MOTION,57,6,-45,1
23,15,33,383,2.0745,0.1454,14.267538,1,MOTION,61,6,-46,1
23,15,35,131,3.7943,0.1454,26.095598,1,MOTION,57,6,-46,1
23,15,36,761,1.4499,0.1454,9.971802,1,MOTION,60,6,-49,1
23,15,38,326,2.4543,0.1454,16.879642,1,MOTION,60,6,-51,1
23,15,40,175,0.4901,0.1454,3.370702,1,MOTION,57,6,-46,1
23,15,41,879,2.1103,0.1454,14.513755,1,MOTION,61,6,-47,1
23,15,43,621,0.7168,0.1454,4.929849,1,MOTION,55,6,-47,1
23,15,45,55,0.3994,0.1454,2.746905,1,MOTION,68,6,-47,1
23,15,46,604,1.1512,0.1454,7.917469,1,MOTION,61,6,-47,1
23,15,48,326,1.7275,0.1454,11.881018,1,MOTION,60,6,-47,1
23,15,50,175,2.6350,0.1454,18.122421,1,MOTION,54,6,-44,1
23,15,51,908,0.0429,0.1454,0.295048,0,MOTION,57,6,-46,1
23,15,53,565,0.0417,0.1454,0.286795,0,IDLE,61,6,-46,1
23,15,55,196,0.4889,0.1454,3.362448,1,MOTION,60,6,-48,1
23,15,56,847,0.4653,0.1454,3.200138,1,MOTION,58,6,-47,1
23,15,58,572,0.3730,0.1454,2.565337,1,MOTION,61,6,-46,1
23,23,0,895,0.0280,0.1732,0.161663,0,IDLE,57,6,-41,0
23,23,2,430,0.0262,0.1732,0.151270,0,IDLE,64,6,-41,0
23,23,4,169,0.0229,0.1732,0.132217,0,IDLE,57,6,-41,0
23,23,6,16,0.0303,0.1732,0.174942,0,IDLE,54,6,-41,0
23,23,7,646,0.0312,0.1732,0.180139,0,IDLE,61,6,-41,0
23,23,9,395,0.0242,0.1732,0.139723,0,IDLE,56,6,-41,0
23,23,11,8,0.0404,0.1732,0.233256,0,IDLE,61,6,-41,0
23,23,12,587,0.0323,0.1732,0.186490,0,IDLE,65,6,-41,0
23,23,14,206,0.0383,0.1732,0.221132,0,IDLE,61,6,-41,0
23,23,15,844,0.2756,0.1732,1.591224,1,MOTION,60,6,-41,0
23,23,17,600,0.0334,0.1732,0.192841,0,IDLE,57,6,-41,0
23,23,19,354,0.0372,0.1732,0.214781,0,IDLE,58,6,-41,0
23,23,21,72,0.0531,0.1732,0.306582,0,IDLE,56,6,-41,0
23,23,22,911,0.0364,0.1732,0.210162,0,IDLE,54,6,-41,0
23,23,24,651,0.0187,0.1732,0.107968,0,IDLE,57,6,-41,0
23,23,26,290,0.0269,0.1732,0.155312,0,IDLE,60,6,-41,0
23,23,27,722,0.0428,0.1732,0.247113,0,IDLE,65,6,-41,0
23,23,29,465,0.0303,0.1732,0.174942,0,IDLE,59,6,-41,0
23,23,31,205,0.0339,0.1732,0.195727,0,IDLE,58,6,-41,0
23,23,32,844,0.0425,0.1732,0.245381,0,IDLE,61,6,-41,0
23,23,34,687,0.0271,0.1732,0.156467,0,IDLE,54,6,-41,0
23,23,36,226,0.0326,0.1732,0.188222,0,IDLE,63,6,-41,0
23,23,37,965,0.0236,0.1732,0.136259,0,IDLE,58,6,-41,0
23,23,39,706,0.0336,0.1732,0.193995,0,IDLE,57,6,-41,0
23,23,41,446,0.0242,0.1732,0.139723,0,IDLE,60,6,-41,0
23,23,43,87,0.0426,0.1732,0.245958,0,IDLE,57,6,-41,0
23,23,44,724,0.0325,0.1732,0.187644,0,IDLE,61,6,-41,0
23,23,46,671,0.0363,0.1732,0.209584,0,IDLE,51,6,-41,0
23,23,48,307,0.0296,0.1732,0.170901,0,IDLE,60,6,-41,0
23,23,50,39,0.1883,0.1732,1.087182,1,MOTION,56,6,-41,0
23,23,51,893,0.0777,0.1732,0.448614,0,IDLE,54,6,-41,0
23,23,53,429,0.0650,0.1732,0.375289,0,IDLE,64,6,-41,0
23,23,55,374,0.0738,0.1732,0.426097,0,IDLE,52,6,-41,0
23,23,57,12,0.0752,0.1732,0.434180,0,IDLE,59,6,-41,0
23,23,58,753,0.0325,0.1732,0.187644,0,IDLE,57,6,-41,0
23,24,0,398,0.0695,0.1732,0.401270,0,IDLE,57,6,-41,0
23,24,2,44,0.0727,0.1732,0.419746,0,IDLE,60,6,-41,0
23,24,3,770,0.0838,0.1732,0.483834,0,IDLE,61,6,-41,0
23,24,5,513,0.1067,0.1732,0.616051,0,IDLE,56,6,-41,0
23,24,7,254,0.1272,0.1732,0.734411,0,IDLE,60,6,-41,0
23,24,8,994,0.0811,0.1732,0.468245,0,IDLE,57,6,-41,0
23,24,10,634,0.0910,0.1732,0.525404,0,IDLE,58,6,-41,0
23,24,12,380,0.0623,0.1732,0.359700,0,IDLE,53,6,-41,0
23,24,14,133,0.0907,0.1732,0.523672,0,IDLE,57,6,-41,0
23,24,15,854,0.1230,0.1732,0.710162,0,IDLE,61,6,-41,0
23,24,17,601,0.0647,0.1732,0.373557,0,IDLE,57,6,-41,0
23,24,19,137,0.0969,0.1732,0.559469,0,IDLE,61,6,-41,0
23,24,20,787,0.1133,0.1732,0.654157,0,IDLE,60,6,-41,0
23,24,22,702,0.0860,0.1732,0.496536,0,IDLE,57,6,-41,0
23,24,24,253,0.1582,0.1732,0.913395,0,MOTION,62,6,-41,0
23,24,25,900,0.0042,0.1732,0.024249,0,IDLE,57,6,-41,0
23,24,27,620,0.0048,0.1732,0.027714,0,IDLE,61,6,-41,0
23,24,29,167,0.0077,0.1732,0.044457,0,IDLE,63,6,-41,0
23,24,30,884,0.0039,0.1732,0.022517,0,IDLE,57,6,-41,0
23,24,32,639,0.0051,0.1732,0.029446,0,IDLE,57,6,-41,0
23,24,34,289,0.0041,0.1732,0.023672,0,IDLE,61,6,-41,0
23,24,35,843,0.0049,0.1732,0.028291,0,IDLE,60,6,-41,0
23,24,37,557,0.0083,0.1732,0.047921,0,IDLE,61,6,-41,0
23,24,39,218,0.0055,0.1732,0.031755,0,IDLE,60,6,-41,0
23,24,40,841,0.0044,0.1732,0.025404,0,IDLE,60,6,-41,0
23,24,42,584,0.0049,0.1732,0.028291,0,IDLE,58,6,-41,0
23,24,44,119,0.0065,0.1732,0.037529,0,IDLE,64,6,-41,0
23,24,45,810,0.0059,0.1732,0.034065,0,IDLE,56,6,-41,0
23,24,47,691,0.0047,0.1732,0.027136,0,IDLE,54,6,-41,0
23,24,49,446,0.0043,0.1732,0.024827,0,IDLE,59,6,-41,0
23,24,50,985,0.0035,0.1732,0.020208,0,IDLE,58,6,-41,0
23,24,52,823,0.0054,0.1732,0.031178,0,IDLE,59,6,-41,0
23,24,54,564,0.0043,0.1732,0.024827,0,IDLE,54,6,-41,0
23,24,56,211,0.1134,0.1732,0.654734,0,IDLE,57,6,-41,0
23,24,57,630,0.1610,0.1732,0.929561,0,MOTION,70,6,-41,0
23,24,59,298,0.0038,0.1732,0.021940,0,IDLE,59,6,-41,0
23,25,1,119,0.0075,0.1732,0.043303,0,IDLE,58,6,-41,1
23,25,2,661,0.0425,0.1732,0.245381,0,IDLE,61,6,-44,1
23,25,4,394,0.1454,0.1732,0.839492,0,IDLE,60,6,-49,1
23,25,5,935,2.2049,0.1732,12.730370,1,MOTION,61,6,-47,1
23,25,7,674,2.7876,0.1732,16.094688,1,MOTION,59,6,-45,1
23,25,9,417,2.2114,0.1732,12.767898,1,MOTION,58,6,-47,1
23,25,11,154,1.7178,0.1732,9.918014,1,MOTION,58,6,-47,1
23,25,12,901,1.6817,0.1732,9.709584,1,MOTION,57,6,-50,1
23,25,14,537,0.7878,0.1732,4.548499,1,MOTION,59,6,-49,1
23,25,16,273,0.2807,0.1732,1.620670,1,MOTION,58,6,-46,1
23,25,17,912,1.0602,0.1732,6.121247,1,MOTION,59,6,-47,1
23,25,19,665,0.3608,0.1732,2.083141,1,MOTION,57,6,-45,1
23,25,21,497,0.2791,0.1732,1.611432,1,MOTION,55,6,-46,1
23,25,23,238,0.0535,0.1732,0.308891,0,MOTION,57,6,-47,1
23,25,24,801,0.3859,0.1732,2.228060,1,IDLE,60,6,-47,1
23,25,26,507,0.2719,0.1732,1.569861,1,MOTION,60,6,-47,1
23,25,28,162,0.2814,0.1732,1.624711,1,MOTION,58,6,-50,1
23,25,29,995,0.1800,0.1732,1.039261,1,MOTION,57,6,-47,1
23,25,31,561,0.5229,0.1732,3.019053,1,MOTION,60,6,-48,1
23,25,33,375,0.7657,0.1732,4.420901,1,MOTION,60,6,-46,1
23,25,35,220,0.0274,0.1732,0.158199,0,MOTION,52,6,-44,1
23,25,36,858,0.3054,0.1732,1.763279,1,IDLE,60,6,-47,1
23,25,38,497,0.1861,0.1732,1.074480,1,MOTION,60,6,-48,1
23,25,40,135,0.1363,0.1732,0.786952,0,IDLE,60,6,-46,1
23,25,41,978,0.0864,0.1732,0.498845,0,IDLE,57,6,-50,1
23,25,43,617,0.0904,0.1732,0.521940,0,IDLE,58,6,-47,1
23,25,45,255,0.3624,0.1732,2.092379,1,IDLE,61,6,-50,1
23,25,46,798,0.9475,0.1732,5.470554,1,MOTION,61,6,-49,1
23,25,48,533,0.3063,0.1732,1.768476,1,MOTION,61,6,-47,1
23,25,50,274,0.2080,0.1732,1.200924,1,MOTION,57,6,-48,1
23,25,51,911,0.1515,0.1732,0.874711,0,MOTION,60,6,-45,1
23,25,53,494,0.0754,0.1732,0.435335,0,IDLE,60,6,-44,1
23,25,55,91,0.0920,0.1732,0.531178,0,IDLE,62,6,-48,1
23,25,56,827,0.2351,0.1732,1.357390,1,IDLE,59,6,-46,1
23,25,58,361,0.1579,0.1732,0.911663,0,MOTION,65,6,-48,1
23,25,59,993,0.2121,0.1732,1.224596,1,IDLE,60,6,-46,1
23,26,1,742,0.5784,0.1732,3.339492,1,MOTION,57,6,-45,1
23,26,3,386,0.2966,0.1732,1.712471,1,MOTION,58,6,-46,1
23,26,5,144,0.3497,0.1732,2.019053,1,MOTION,56,6,-47,1
23,26,6,866,0.1150,0.1732,0.663972,0,MOTION,64,6,-47,1
23,26,8,501,0.1383,0.1732,0.798499,0,IDLE,58,6,-46,1
23,26,10,242,0.0656,0.1732,0.378753,0,IDLE,57,6,-46,1
23,26,11,982,0.1204,0.1732,0.695150,0,IDLE,57,6,-48,1
23,26,13,621,0.2923,0.1732,1.687644,1,MOTION,60,6,-49,1
23,26,15,158,0.0823,0.1732,0.475173,0,IDLE,65,6,-47,1
23,26,16,826,0.2387,0.1732,1.378176,1,MOTION,56,6,-47,1
23,26,18,540,0.1533,0.1732,0.885104,0,IDLE,61,6,-46,1
23,26,20,278,0.0506,0.1732,0.292148,0,IDLE,57,6,-48,1
23,26,22,18,0.0698,0.1732,0.403002,0,IDLE,57,6,-47,1
23,26,23,555,0.0912,0.1732,0.526559,0,IDLE,66,6,-47,1
23,26,25,296,0.1130,0.1732,0.652425,0,IDLE,56,6,-48,1
23,26,27,35,0.1041,0.1732,0.601039,0,IDLE,55,6,-47,1
23,26,28,777,0.4687,0.1732,2.706120,1,IDLE,61,6,-49,1
23,26,30,417,0.8830,0.1732,5.098152,1,MOTION,60,6,-50,1
23,26,32,54,0.1895,0.1732,1.094111,1,MOTION,61,6,-45,1
23,26,33,697,0.1075,0.1732,0.620670,0,IDLE,63,6,-44,1
23,26,35,433,0.3640,0.1732,2.101617,1,IDLE,55,6,-49,1
23,26,37,173,0.1579,0.1732,0.911663,0,MOTION,57,6,-48,1
23,26,38,917,0.2367,0.1732,1.366628,1,IDLE,57,6,-45,1
23,26,40,350,0.2076,0.1732,1.198614,1,MOTION,68,6,-44,1
23,26,42,90,0.1563,0.1732,0.902425,0,IDLE,58,6,-48,1
23,26,43,831,0.1309,0.1732,0.755774,0,IDLE,57,6,-46,1
23,26,45,471,0.0888,0.1732,0.512702,0,IDLE,60,6,-48,1
23,26,47,211,0.2299,0.1732,1.327367,1,IDLE,57,6,-44,1
23,26,48,746,0.1016,0.1732,0.586605,0,IDLE,64,6,-45,1
23,26,50,488,0.1022,0.1732,0.590069,0,IDLE,56,6,-48,1
23,26,52,233,0.3891,0.1732,2.246536,1,MOTION,58,6,-45,1
23,26,53,970,0.1025,0.1732,0.591801,0,IDLE,58,6,-44,1
23,26,55,601,0.2265,0.1732,1.307737,1,MOTION,59,6,-49,1
23,26,57,348,0.1348,0.1732,0.778291,0,MOTION,58,6,-46,1
23,26,59,91,0.0789,0.1732,0.455543,0,IDLE,58,6,-45,1
23,27,0,830,0.2958,0.1732,1.707852,1,MOTION,56,6,-46,1
23,31,10,802,0.0000,0.1998,0.000000,0,IDLE,0,6,-41,0
23,31,12,546,0.0277,0.1998,0.138639,0,IDLE,55,6,-41,0
23,31,14,183,0.0475,0.1998,0.237738,0,IDLE,60,6,-41,0
23,31,15,924,0.2074,0.1998,1.038038,1,IDLE,57,6,-41,0
23,31,17,665,0.0277,0.1998,0.138639,0,IDLE,57,6,-41,0
23,31,19,235,0.0343,0.1998,0.171672,0,IDLE,63,6,-41,0
23,31,20,653,0.0323,0.1998,0.161662,0,IDLE,66,6,-41,0
23,31,22,375,0.2191,0.1998,1.096597,1,IDLE,60,6,-41,0
23,31,24,115,0.0377,0.1998,0.188689,0,IDLE,58,6,-41,0
23,31,25,650,0.0401,0.1998,0.200701,0,IDLE,61,6,-41,0
23,31,27,496,0.0338,0.1998,0.169169,0,IDLE,57,6,-41,0
23,31,29,134,0.0269,0.1998,0.134635,0,IDLE,60,6,-41,0
23,31,30,875,0.2553,0.1998,1.277778,1,IDLE,56,6,-41,0
23,31,32,416,0.0342,0.1998,0.171171,0,MOTION,62,6,-41,0
23,31,33,869,0.0332,0.1998,0.166166,0,IDLE,68,6,-41,0
23,31,35,506,0.0311,0.1998,0.155656,0,IDLE,64,6,-41,0
23,31,37,326,0.0280,0.1998,0.140140,0,IDLE,54,6,-41,0
23,31,39,170,0.0286,0.1998,0.143143,0,IDLE,57,6,-41,0
23,31,40,912,0.0262,0.1998,0.131131,0,IDLE,55,6,-41,0
23,31,42,652,0.0173,0.1998,0.086587,0,IDLE,56,6,-41,0
23,31,44,386,0.0266,0.1998,0.133133,0,IDLE,57,6,-41,0
23,31,46,132,0.0299,0.1998,0.149650,0,IDLE,58,6,-41,0
23,31,47,771,0.0366,0.1998,0.183183,0,IDLE,60,6,-41,0
23,31,49,297,0.2223,0.1998,1.112613,1,MOTION,68,6,-41,0
23,31,50,947,0.0303,0.1998,0.151652,0,IDLE,58,6,-41,0
23,31,52,482,0.0266,0.1998,0.133133,0,IDLE,64,6,-41,0
23,31,54,320,0.0257,0.1998,0.128629,0,IDLE,54,6,-41,0
23,31,56,69,0.0354,0.1998,0.177177,0,IDLE,56,6,-41,0
23,31,57,602,0.0280,0.1998,0.140140,0,IDLE,64,6,-41,0
23,31,59,241,0.0223,0.1998,0.111612,0,IDLE,61,6,-41,0
23,32,0,776,0.0400,0.1998,0.200200,0,IDLE,64,6,-41,0
23,32,2,518,0.0277,0.1998,0.138639,0,IDLE,56,6,-41,0
23,32,4,360,0.0257,0.1998,0.128629,0,IDLE,55,6,-41,0
23,32,5,897,0.0400,0.1998,0.200200,0,IDLE,63,6,-41,0
23,32,7,541,0.0414,0.1998,0.207207,0,IDLE,58,6,-41,0
23,32,9,299,0.0200,0.1998,0.100100,0,IDLE,60,6,-41,0
23,32,11,17,0.0234,0.1998,0.117117,0,IDLE,57,6,-41,0
23,32,12,663,0.0316,0.1998,0.158158,0,IDLE,57,6,-41,0
23,32,14,391,0.0263,0.1998,0.131632,0,IDLE,60,6,-41,0
23,32,15,933,0.0317,0.1998,0.158659,0,IDLE,65,6,-41,0
23,32,17,776,0.0315,0.1998,0.157658,0,IDLE,54,6,-41,0
23,32,19,312,0.0276,0.1998,0.138138,0,IDLE,60,6,-41,0
23,32,21,52,0.0358,0.1998,0.179179,0,IDLE,57,6,-41,0
23,32,22,611,0.3311,0.1998,1.657157,1,MOTION,63,6,-41,0
23,32,24,323,0.0201,0.1998,0.100601,0,IDLE,61,6,-41,0
23,32,26,71,0.0231,0.1998,0.115616,0,IDLE,57,6,-41,0
23,32,27,709,0.0227,0.1998,0.113614,0,IDLE,57,6,-41,0
23,32,29,343,0.0324,0.1998,0.162162,0,IDLE,64,6,-41,0
23,32,30,987,0.0372,0.1998,0.186186,0,IDLE,62,6,-41,0
23,32,32,421,0.0277,0.1998,0.138639,0,IDLE,68,6,-41,0
23,32,34,162,0.0230,0.1998,0.115115,0,IDLE,57,6,-41,0
23,32,35,902,0.0117,0.1998,0.058559,0,IDLE,60,6,-41,0
23,32,37,542,0.0150,0.1998,0.075075,0,IDLE,58,6,-41,0
23,32,39,282,0.0410,0.1998,0.205205,0,IDLE,60,6,-41,0
23,32,40,830,0.0222,0.1998,0.111111,0,IDLE,58,6,-41,0
23,32,42,573,0.0257,0.1998,0.128629,0,IDLE,57,6,-41,0
23,32,44,396,0.0198,0.1998,0.099099,0,IDLE,57,6,-41,0
23,32,46,39,0.0186,0.1998,0.093093,0,IDLE,60,6,-41,0
23,32,47,679,0.0192,0.1998,0.096096,0,IDLE,61,6,-41,0
23,32,49,309,0.0339,0.1998,0.169670,0,IDLE,61,6,-41,0
23,32,50,957,0.0218,0.1998,0.109109,0,IDLE,60,6,-41,0
23,32,52,614,0.0277,0.1998,0.138639,0,IDLE,57,6,-41,0
23,32,54,367,0.0199,0.1998,0.099600,0,IDLE,57,6,-41,0
23,32,56,78,0.1340,0.1998,0.670671,0,IDLE,61,6,-41,0
23,32,57,714,0.0856,0.1998,0.428428,0,IDLE,61,6,-41,0
23,32,59,556,0.0594,0.1998,0.297297,0,IDLE,57,6,-41,0
23,33,1,20,0.0583,0.1998,0.291792,0,IDLE,61,6,-41,1
23,33,2,835,0.0696,0.1998,0.348348,0,IDLE,58,6,-41,1
23,33,4,370,0.0972,0.1998,0.486486,0,IDLE,61,6,-41,1
23,33,6,9,0.1125,0.1998,0.563063,0,IDLE,64,6,-41,1
23,33,7,853,0.2221,0.1998,1.111612,1,IDLE,53,6,-47,1
23,33,9,538,0.8569,0.1998,4.288789,1,MOTION,58,6,-48,1
23,33,11,335,0.6166,0.1998,3.086086,1,MOTION,56,6,-50,1
23,33,13,177,0.2453,0.1998,1.227728,1,MOTION,55,6,-45,1
23,33,14,917,0.0817,0.1998,0.408909,0,IDLE,57,6,-48,1
23,33,16,661,0.1500,0.1998,0.750751,0,IDLE,57,6,-50,1
23,33,18,502,0.1567,0.1998,0.784284,0,IDLE,54,6,-50,1
23,33,20,244,0.1867,0.1998,0.934434,0,IDLE,57,6,-46,1
23,33,21,781,0.5904,0.1998,2.954955,1,MOTION,63,6,-47,1
23,33,23,520,0.1317,0.1998,0.659159,0,MOTION,60,6,-50,1
23,33,25,56,0.0757,0.1998,0.378879,0,IDLE,58,6,-45,1
23,33,26,617,0.9463,0.1998,4.736236,1,MOTION,63,6,-45,1
23,33,28,256,0.1681,0.1998,0.841341,0,MOTION,60,6,-45,1
23,33,30,74,0.8575,0.1998,4.291792,1,MOTION,58,6,-46,1
23,33,31,817,0.1341,0.1998,0.671171,0,MOTION,57,6,-44,1
23,33,33,454,0.0597,0.1998,0.298799,0,IDLE,61,6,-45,1
23,33,34,887,0.3100,0.1998,1.551552,1,IDLE,65,6,-48,1
23,33,36,631,0.2549,0.1998,1.275776,1,IDLE,60,6,-47,1
23,33,38,369,0.1151,0.1998,0.576076,0,MOTION,58,6,-51,1
23,33,40,110,0.9497,0.1998,4.753253,1,MOTION,56,6,-46,1
23,33,41,850,0.0926,0.1998,0.463463,0,IDLE,56,6,-44,1
23,33,43,593,0.2625,0.1998,1.313814,1,MOTION,58,6,-47,1
23,33,44,948,0.0803,0.1998,0.401902,0,IDLE,68,6,-45,1
23,33,46,666,0.1958,0.1998,0.979980,0,IDLE,61,6,-43,1
23,33,48,304,0.1158,0.1998,0.579580,0,IDLE,61,6,-45,1
23,33,49,942,0.2497,0.1998,1.249750,1,IDLE,60,6,-47,1
23,33,51,684,0.0598,0.1998,0.299299,0,MOTION,58,6,-47,1
23,33,53,217,0.0858,0.1998,0.429429,0,IDLE,64,6,-46,1
23,33,54,961,0.4692,0.1998,2.348348,1,IDLE,57,6,-48,1
23,33,56,501,0.0894,0.1998,0.447447,0,MOTION,61,6,-46,1
23,33,58,138,0.1737,0.1998,0.869369,0,IDLE,61,6,-45,1
23,33,59,874,0.2394,0.1998,1.198198,1,IDLE,59,6,-46,1
23,34,1,512,0.1148,0.1998,0.574575,0,MOTION,61,6,-48,1
23,34,3,357,0.2724,0.1998,1.363363,1,IDLE,55,6,-46,1
23,34,4,995,0.3155,0.1998,1.579079,1,MOTION,61,6,-46,1
23,34,6,567,0.5813,0.1998,2.909409,1,MOTION,59,6,-46,1
23,34,8,296,0.4449,0.1998,2.226727,1,MOTION,57,6,-48,1
23,34,10,13,2.3536,0.1998,11.779780,1,MOTION,60,6,-46,1
23,34,11,644,2.7555,0.1998,13.791291,1,MOTION,60,6,-46,1
23,34,13,313,2.3582,0.1998,11.802803,1,MOTION,57,6,-46,1
23,34,15,134,7.1119,0.1998,35.595095,1,MOTION,57,6,-46,1
23,34,16,874,0.8572,0.1998,4.290290,1,MOTION,57,6,-50,1
23,34,18,512,0.6962,0.1998,3.484484,1,MOTION,60,6,-45,1
23,34,20,252,0.6946,0.1998,3.476476,1,MOTION,58,6,-47,1
23,34,21,818,2.2776,0.1998,11.399399,1,MOTION,59,6,-52,1
23,34,23,632,0.9773,0.1998,4.891391,1,MOTION,57,6,-50,1
23,34,25,372,1.3031,0.1998,6.522022,1,MOTION,57,6,-47,1
23,34,27,125,6.7254,0.1998,33.660661,1,MOTION,60,6,-45,1
23,34,28,969,1.6323,0.1998,8.169670,1,MOTION,57,6,-46,1
23,34,30,495,1.4839,0.1998,7.426927,1,MOTION,57,6,-46,1
23,34,32,236,1.1085,0.1998,5.548048,1,MOTION,58,6,-49,1
23,34,33,804,1.0920,0.1998,5.465465,1,MOTION,60,6,-48,1
23,34,35,511,0.5790,0.1998,2.897898,1,MOTION,62,6,-47,1
23,34,37,251,0.8891,0.1998,4.449950,1,MOTION,56,6,-44,1
23,34,38,704,1.8890,0.1998,9.454454,1,MOTION,65,6,-44,1
23,34,40,529,1.9512,0.1998,9.765766,1,MOTION,58,6,-48,1
23,34,42,373,4.2164,0.1998,21.103103,1,MOTION,53,6,-44,1
23,34,43,927,2.1150,0.1998,10.585586,1,MOTION,60,6,-43,1
23,34,45,549,1.0032,0.1998,5.021021,1,MOTION,64,6,-44,1
23,34,47,85,1.6271,0.1998,8.143644,1,MOTION,65,6,-48,1
23,34,48,926,0.7311,0.1998,3.659159,1,MOTION,54,6,-49,1
23,34,50,565,0.3195,0.1998,1.599099,1,MOTION,60,6,-49,1
23,34,52,306,1.1537,0.1998,5.774274,1,MOTION,57,6,-44,1
23,34,54,150,1.7868,0.1998,8.942943,1,MOTION,54,6,-45,1
23,34,55,602,0.9152,0.1998,4.580581,1,MOTION,64,6,-47,1
23,34,57,428,3.4830,0.1998,17.432432,1,MOTION,58,6,-44,1
23,34,59,65,2.1619,0.1998,10.820320,1,MOTION,61,6,-47,1
23,40,0,651,0.0539,0.0429,1.256410,1,MOTION,57,6,-43,0
23,40,2,392,0.0462,0.0429,1.076923,1,MOTION,54,6,-41,0
23,40,4,49,0.0704,0.0429,1.641026,1,MOTION,60,6,-41,0
23,40,5,771,0.0470,0.0429,1.095571,1,MOTION,57,6,-41,0
23,40,7,330,0.0327,0.0429,0.762238,0,IDLE,61,6,-43,0
23,40,8,775,0.0636,0.0429,1.482517,1,MOTION,69,6,-43,0
23,40,10,582,0.0391,0.0429,0.911422,0,IDLE,57,6,-41,0
23,40,12,325,0.0677,0.0429,1.578089,1,MOTION,59,6,-41,0
23,40,13,860,0.0416,0.0429,0.969697,0,MOTION,62,6,-41,0
23,40,15,397,0.0389,0.0429,0.906760,0,IDLE,63,6,-44,0
23,40,17,137,0.1770,0.0429,4.125874,1,MOTION,58,6,-41,0
23,40,18,980,0.0055,0.0429,0.128205,0,IDLE,54,6,-41,0
23,40,20,516,0.0082,0.0429,0.191142,0,IDLE,63,6,-41,0
23,40,22,257,0.0092,0.0429,0.214452,0,IDLE,57,6,-42,0
23,40,24,11,0.0071,0.0429,0.165501,0,IDLE,57,6,-41,0
23,40,25,573,0.0100,0.0429,0.233100,0,IDLE,61,6,-41,0
23,40,27,379,0.0052,0.0429,0.121212,0,IDLE,57,6,-43,0
23,40,28,849,0.0057,0.0429,0.132867,0,IDLE,64,6,-41,0
23,40,30,758,0.0044,0.0429,0.102564,0,IDLE,55,6,-43,0
23,40,32,396,0.0092,0.0429,0.214452,0,IDLE,60,6,-41,0
23,40,34,34,0.0074,0.0429,0.172494,0,IDLE,60,6,-41,0
23,40,35,674,0.0078,0.0429,0.181818,0,IDLE,62,6,-41,0
23,40,37,315,0.0088,0.0429,0.205128,0,IDLE,57,6,-43,0
23,40,38,847,0.0084,0.0429,0.195804,0,IDLE,65,6,-43,0
23,40,40,588,0.0072,0.0429,0.167832,0,IDLE,59,6,-42,0
23,40,42,331,0.0068,0.0429,0.158508,0,IDLE,57,6,-41,0
23,40,43,970,0.0063,0.0429,0.146853,0,IDLE,58,6,-42,0
23,40,45,504,0.0094,0.0429,0.219114,0,IDLE,68,6,-41,0
23,40,47,243,0.0086,0.0429,0.200466,0,IDLE,58,6,-42,0
23,40,48,996,0.0066,0.0429,0.153846,0,IDLE,57,6,-41,0
23,40,50,624,0.1847,0.0429,4.305361,1,IDLE,60,6,-43,0
23,40,52,262,0.0395,0.0429,0.920746,0,MOTION,60,6,-41,0
23,40,54,26,0.0470,0.0429,1.095571,1,MOTION,57,6,-41,0
23,40,55,575,0.0352,0.0429,0.820513,0,IDLE,61,6,-41,0
23,40,57,383,0.0769,0.0429,1.792541,1,IDLE,58,6,-43,0
23,40,58,836,0.0647,0.0429,1.508159,1,MOTION,64,6,-44,0
23,41,0,556,0.0567,0.0429,1.321678,1,MOTION,61,6,-41,0
23,41,2,298,0.0355,0.0429,0.827506,0,MOTION,56,6,-42,0
23,41,3,938,0.0529,0.0429,1.233100,1,IDLE,62,6,-42,0
23,41,5,576,0.0448,0.0429,1.044289,1,MOTION,60,6,-41,0
23,41,7,213,0.0451,0.0429,1.051282,1,MOTION,61,6,-43,0
23,41,8,992,0.0583,0.0429,1.358974,1,MOTION,57,6,-41,0
23,41,10,529,0.0271,0.0429,0.631702,0,IDLE,61,6,-43,0
23,41,12,232,0.0247,0.0429,0.575758,0,IDLE,62,6,-43,0
23,41,13,973,0.0274,0.0429,0.638695,0,IDLE,59,6,-42,0
23,41,15,612,0.0592,0.0429,1.379953,1,IDLE,57,6,-41,0
23,41,17,149,0.0570,0.0429,1.328671,1,MOTION,65,6,-41,0
23,41,18,788,0.0360,0.0429,0.839161,0,IDLE,60,6,-41,0
23,41,20,425,0.0275,0.0429,0.641026,0,IDLE,61,6,-41,0
23,41,21,992,0.0712,0.0429,1.659674,1,MOTION,60,6,-42,0
23,41,23,702,0.5050,0.0429,11.771562,1,MOTION,61,6,-41,0
23,41,25,262,0.0416,0.0429,0.969697,0,MOTION,61,6,-41,0
23,41,27,183,0.0595,0.0429,1.386946,1,MOTION,56,6,-41,0
23,41,28,650,0.0467,0.0429,1.088578,1,MOTION,61,6,-42,0
23,41,30,256,0.0413,0.0429,0.962704,0,MOTION,62,6,-41,0
23,41,31,894,0.0380,0.0429,0.885781,0,IDLE,63,6,-41,0
23,41,33,636,0.0739,0.0429,1.722611,1,MOTION,58,6,-41,0
23,41,35,275,0.0558,0.0429,1.300699,1,MOTION,60,6,-43,0
23,41,37,116,0.0491,0.0429,1.144522,1,MOTION,55,6,-41,0
23,41,38,755,0.0477,0.0429,1.111888,1,MOTION,60,6,-41,0
23,41,40,417,0.0388,0.0429,0.904429,0,IDLE,59,6,-42,0
23,41,42,236,0.0373,0.0429,0.869464,0,IDLE,55,6,-43,0
23,41,43,681,0.0572,0.0429,1.333333,1,MOTION,64,6,-42,0
23,41,45,309,0.0447,0.0429,1.041958,1,MOTION,64,6,-43,0
23,41,46,742,0.0243,0.0429,0.566434,0,IDLE,66,6,-41,0
23,41,48,587,0.0459,0.0429,1.069930,1,IDLE,57,6,-42,0
23,41,50,122,0.0797,0.0429,1.857809,1,MOTION,63,6,-42,0
23,41,51,966,0.0474,0.0429,1.104895,1,MOTION,54,6,-43,0
23,41,53,526,0.0527,0.0429,1.228438,1,MOTION,60,6,-41,0
23,41,54,973,0.0334,0.0429,0.778555,0,IDLE,69,6,-43,0
23,41,56,601,0.4027,0.0429,9.386946,1,IDLE,61,6,-41,0
23,41,58,323,0.4160,0.0429,9.696970,1,MOTION,58,6,-41,0
23,41,59,777,0.0358,0.0429,0.834499,0,IDLE,68,6,-44,0
23,42,1,493,0.0486,0.0429,1.132867,1,IDLE,58,6,-41,1
23,42,3,129,0.0408,0.0429,0.951049,0,MOTION,64,6,-41,1
23,42,4,970,0.0504,0.0429,1.174825,1,MOTION,54,6,-43,1
23,42,6,712,0.1928,0.0429,4.494172,1,MOTION,57,6,-40,1
23,42,8,249,2.4930,0.0429,58.111888,1,MOTION,64,6,-45,1
23,42,9,990,2.8664,0.0429,66.815851,1,MOTION,57,6,-48,1
23,42,11,539,3.9228,0.0429,91.440559,1,MOTION,60,6,-47,1
23,42,13,297,1.2612,0.0429,29.398601,1,MOTION,56,6,-47,1
23,42,15,8,1.5516,0.0429,36.167832,1,MOTION,60,6,-48,1
23,42,16,747,1.1577,0.0429,26.986014,1,MOTION,57,6,-48,1
23,42,18,593,0.7280,0.0429,16.969697,1,MOTION,55,6,-46,1
23,42,20,126,1.2169,0.0429,28.365967,1,MOTION,63,6,-45,1
23,42,21,867,1.7275,0.0429,40.268065,1,MOTION,58,6,-46,1
23,42,23,506,2.6025,0.0429,60.664336,1,MOTION,59,6,-49,1
23,42,25,144,2.1076,0.0429,49.128205,1,MOTION,62,6,-43,1
23,42,26,885,0.7311,0.0429,17.041958,1,MOTION,56,6,-47,1
23,42,28,336,2.0868,0.0429,48.643357,1,MOTION,66,6,-51,1
23,42,30,87,0.8005,0.0429,18.659674,1,MOTION,57,6,-48,1
23,42,31,904,3.0986,0.0429,72.228438,1,MOTION,60,6,-46,1
23,42,33,440,0.9307,0.0429,21.694639,1,MOTION,61,6,-46,1
23,42,35,180,1.2438,0.0429,28.993007,1,MOTION,58,6,-48,1
23,42,36,819,0.6060,0.0429,14.125874,1,MOTION,63,6,-46,1
23,42,38,561,0.1608,0.0429,3.748252,1,MOTION,54,6,-46,1
23,42,40,302,0.5110,0.0429,11.911422,1,MOTION,57,6,-47,1
23,42,42,43,0.1547,0.0429,3.606061,1,MOTION,57,6,-47,1
23,42,43,580,0.1367,0.0429,3.186480,1,MOTION,61,6,-49,1
23,42,45,113,0.2288,0.0429,5.333333,1,MOTION,69,6,-46,1
23,42,46,700,0.0757,0.0429,1.764569,1,MOTION,60,6,-46,1
23,42,48,493,0.5023,0.0429,11.708625,1,MOTION,56,6,-49,1
23,42,50,237,0.5667,0.0429,13.209790,1,MOTION,58,6,-45,1
23,42,51,873,0.4027,0.0429,9.386946,1,MOTION,60,6,-47,1
23,42,53,514,0.3040,0.0429,7.086247,1,MOTION,61,6,-46,1
23,42,55,149,0.2090,0.0429,4.871795,1,MOTION,60,6,-47,1
23,42,56,890,0.1896,0.0429,4.419580,1,MOTION,57,6,-48,1
23,42,58,464,0.2281,0.0429,5.317016,1,MOTION,60,6,-45,1
23,43,0,271,0.0344,0.0429,0.801865,0,MOTION,57,6,-45,1
23,43,2,112,0.8603,0.0429,20.053613,1,MOTION,54,6,-50,1
23,43,3,853,2.3011,0.0429,53.638695,1,MOTION,57,6,-43,1
23,43,5,419,0.7989,0.0429,18.622378,1,MOTION,60,6,-47,1
23,43,7,132,2.3839,0.0429,55.568765,1,MOTION,61,6,-48,1
23,43,9,77,0.5890,0.0429,13.729604,1,MOTION,54,6,-46,1
23,43,10,716,2.0285,0.0429,47.284382,1,MOTION,59,6,-46,1
23,43,12,289,1.3510,0.0429,31.491841,1,MOTION,57,6,-47,1
23,43,14,29,1.3131,0.0429,30.608392,1,MOTION,61,6,-46,1
23,43,15,653,2.8349,0.0429,66.081585,1,MOTION,57,6,-44,1
23,43,17,372,1.2902,0.0429,30.074592,1,MOTION,60,6,-48,1
23,43,19,10,0.7870,0.0429,18.344988,1,MOTION,58,6,-47,1
23,43,20,735,2.4985,0.0429,58.240093,1,MOTION,59,6,-47,1
23,43,22,596,1.6325,0.0429,38.053613,1,MOTION,54,6,-47,1
23,43,24,224,2.0588,0.0429,47.990676,1,MOTION,60,6,-46,1
23,43,25,974,2.8966,0.0429,67.519814,1,MOTION,58,6,-47,1
23,43,27,611,3.1523,0.0429,73.480186,1,MOTION,60,6,-50,1
23,43,29,148,0.7032,0.0429,16.391608,1,MOTION,64,6,-48,1
23,43,30,993,5.0180,0.0429,116.969697,1,MOTION,55,6,-47,1
23,43,32,629,2.7216,0.0429,63.440559,1,MOTION,63,6,-45,1
23,43,34,172,2.2524,0.0429,52.503497,1,MOTION,58,6,-42,1
23,43,35,723,1.4045,0.0429,32.738928,1,MOTION,64,6,-44,1
23,43,37,362,1.6762,0.0429,39.072261,1,MOTION,60,6,-46,1
23,43,39,81,1.6235,0.0429,37.843823,1,MOTION,61,6,-48,1
23,43,40,822,1.0473,0.0429,24.412587,1,MOTION,57,6,-44,1
23,43,42,565,4.6611,0.0429,108.650350,1,MOTION,57,6,-50,1
23,43,44,16,1.7272,0.0429,40.261072,1,MOTION,65,6,-43,1
23,43,45,627,2.1323,0.0429,49.703963,1,MOTION,64,6,-46,1
23,43,47,480,5.2119,0.0429,121.489510,1,MOTION,55,6,-48,1
23,43,49,117,0.8917,0.0429,20.785548,1,MOTION,57,6,-45,1
23,43,50,858,2.1047,0.0429,49.060606,1,MOTION,60,6,-48,1
23,43,52,598,2.3472,0.0429,54.713287,1,MOTION,56,6,-45,1
23,43,54,339,0.3858,0.0429,8.993007,1,MOTION,58,6,-45,1
23,43,56,82,1.6716,0.0429,38.965035,1,MOTION,58,6,-44,1
23,43,57,617,0.2386,0.0429,5.561772,1,MOTION,63,6,-43,1
23,43,59,256,0.2321,0.0429,5.410256,1,MOTION,61,6,-46,1
23,44,0,997,0.5846,0.0429,13.627040,1,MOTION,58,6,-49,1
20,49,1,332,0.0324,2.8397,0.011410,0,IDLE,47,6,-41,0
20,49,3,178,0.0260,2.8397,0.009156,0,IDLE,53,6,-41,0
20,49,5,228,2.9571,2.8397,1.041342,1,IDLE,48,6,-43,0
20,49,7,170,0.0267,2.8397,0.009402,0,IDLE,52,6,-41,0
20,49,9,13,0.0240,2.8397,0.008452,0,IDLE,53,6,-43,0
20,49,11,62,0.0304,2.8397,0.010705,0,IDLE,48,6,-41,0
20,49,13,7,0.0200,2.8397,0.007043,0,IDLE,52,6,-41,0
20,49,14,954,0.0240,2.8397,0.008452,0,IDLE,54,6,-43,0
20,49,16,798,0.6076,2.8397,0.213966,0,IDLE,51,6,-42,0
20,49,18,640,0.7318,2.8397,0.257703,0,IDLE,53,6,-41,0
20,49,20,544,0.0103,2.8397,0.003627,0,IDLE,51,6,-43,0
20,49,22,560,0.0125,2.8397,0.004402,0,IDLE,48,6,-44,0
20,49,24,510,0.0165,2.8397,0.005810,0,IDLE,51,6,-41,0
20,49,26,421,0.0127,2.8397,0.004472,0,IDLE,54,6,-42,0
20,49,28,264,0.3875,2.8397,0.136458,0,IDLE,54,6,-41,0
20,49,30,108,0.0178,2.8397,0.006268,0,IDLE,53,6,-41,0
20,49,31,881,0.0139,2.8397,0.004895,0,IDLE,53,6,-43,0
20,49,33,785,0.0119,2.8397,0.004191,0,IDLE,54,6,-41,0
20,49,35,800,0.0142,2.8397,0.005001,0,IDLE,48,6,-42,0
20,49,37,789,0.0112,2.8397,0.003944,0,IDLE,51,6,-43,0
20,49,39,532,0.0124,2.8397,0.004367,0,IDLE,56,6,-44,0
20,49,41,403,0.0179,2.8397,0.006303,0,IDLE,51,6,-44,0
20,49,43,143,0.0134,2.8397,0.004719,0,IDLE,57,6,-44,0
20,49,45,59,0.0130,2.8397,0.004578,0,IDLE,53,6,-42,0
20,49,46,997,0.2382,2.8397,0.083882,0,IDLE,52,6,-41,0
20,49,48,851,0.0546,2.8397,0.019227,0,IDLE,53,6,-41,0
20,49,50,694,0.0127,2.8397,0.004472,0,IDLE,54,6,-41,0
20,49,52,434,0.0124,2.8397,0.004367,0,IDLE,57,6,-41,0
20,49,54,179,0.0162,2.8397,0.005705,0,IDLE,54,6,-42,0
20,49,55,916,0.0161,2.8397,0.005670,0,IDLE,60,6,-41,0
20,49,57,861,0.0145,2.8397,0.005106,0,IDLE,51,6,-41,0
20,49,59,704,0.0138,2.8397,0.004860,0,IDLE,54,6,-41,0
20,50,1,548,0.0140,2.8397,0.004930,0,IDLE,54,6,-41,0
20,50,3,289,0.0132,2.8397,0.004648,0,IDLE,56,6,-41,0
20,50,5,237,0.0143,2.8397,0.005036,0,IDLE,51,6,-41,0
20,50,7,302,0.0155,2.8397,0.005458,0,IDLE,48,6,-41,0
20,50,9,230,0.0102,2.8397,0.003592,0,IDLE,51,6,-44,0
20,50,11,73,0.0137,2.8397,0.004824,0,IDLE,54,6,-41,0
20,50,12,914,0.0092,2.8397,0.003240,0,IDLE,53,6,-42,0
20,50,14,930,0.0167,2.8397,0.005881,0,IDLE,49,6,-41,0
20,50,16,702,0.0173,2.8397,0.006092,0,IDLE,57,6,-43,0
20,50,18,548,0.0084,2.8397,0.002958,0,IDLE,53,6,-41,0
20,50,20,492,0.0110,2.8397,0.003874,0,IDLE,51,6,-41,0
20,50,22,321,0.0148,2.8397,0.005212,0,IDLE,54,6,-42,0
20,50,24,142,0.0249,2.8397,0.008769,0,IDLE,54,6,-41,0
20,50,26,125,0.4430,2.8397,0.156002,0,IDLE,51,6,-42,0
20,50,27,876,0.0146,2.8397,0.005141,0,IDLE,54,6,-41,0
20,50,29,813,0.0116,2.8397,0.004085,0,IDLE,54,6,-41,0
20,50,31,961,0.0144,2.8397,0.005071,0,IDLE,46,6,-42,0
20,50,33,798,0.0106,2.8397,0.003733,0,IDLE,54,6,-41,0
20,50,35,650,0.0122,2.8397,0.004296,0,IDLE,54,6,-42,0
20,50,37,520,0.0184,2.8397,0.006480,0,IDLE,51,6,-44,0
20,50,39,439,0.0105,2.8397,0.003698,0,IDLE,53,6,-44,0
20,50,41,485,0.0143,2.8397,0.005036,0,IDLE,49,6,-43,0
20,50,43,433,0.0118,2.8397,0.004155,0,IDLE,51,6,-41,0
20,50,45,278,0.0120,2.8397,0.004226,0,IDLE,51,6,-41,0
20,50,47,327,0.0173,2.8397,0.006092,0,IDLE,51,6,-41,0
20,50,49,268,0.0100,2.8397,0.003521,0,IDLE,51,6,-41,0
20,50,51,217,0.0166,2.8397,0.005846,0,IDLE,51,6,-42,0
20,50,53,166,0.0148,2.8397,0.005212,0,IDLE,48,6,-44,0
20,50,54,798,0.0131,2.8397,0.004613,0,IDLE,61,6,-43,0
20,50,56,599,0.0165,2.8397,0.005810,0,IDLE,57,6,-41,0
20,50,58,485,0.0138,2.8397,0.004860,0,IDLE,53,6,-41,0
20,51,0,329,0.0460,2.8397,0.016199,0,IDLE,53,6,-43,2
20,51,2,289,0.3754,2.8397,0.132197,0,IDLE,49,6,-50,2
20,51,4,118,5.4038,2.8397,1.902947,1,IDLE,56,6,-46,2
20,51,5,935,3.3384,2.8397,1.175617,1,MOTION,54,6,-47,2
20,51,7,906,2.8675,2.8397,1.009790,1,MOTION,53,6,-45,2
20,51,9,649,1.9839,2.8397,0.698630,0,IDLE,54,6,-47,2
20,51,11,593,5.3207,2.8397,1.873684,1,MOTION,54,6,-47,2
20,51,13,260,3.2601,2.8397,1.148044,1,MOTION,55,6,-41,2
20,51,15,177,6.7461,2.8397,2.375638,1,MOTION,56,6,-44,2
20,51,17,21,4.4983,2.8397,1.584076,1,MOTION,52,6,-48,2
20,51,18,772,3.7767,2.8397,1.329964,1,MOTION,54,6,-51,2
20,51,20,810,2.8532,2.8397,1.004754,1,MOTION,50,6,-48,2
20,51,22,859,5.1846,2.8397,1.825756,1,MOTION,51,6,-49,2
20,51,24,598,0.4570,2.8397,0.160932,0,IDLE,54,6,-47,2
20,51,26,442,1.9245,2.8397,0.677712,0,IDLE,52,6,-48,2
20,51,28,286,0.6411,2.8397,0.225763,0,IDLE,56,6,-49,2
20,51,30,335,2.0115,2.8397,0.708349,0,IDLE,49,6,-46,2
20,51,32,73,1.5968,2.8397,0.562313,0,IDLE,56,6,-47,2
20,51,33,852,0.1555,2.8397,0.054759,0,IDLE,53,6,-46,2
20,51,35,863,2.3929,2.8397,0.842659,0,IDLE,54,6,-45,2
20,51,37,706,2.5028,2.8397,0.881361,0,IDLE,52,6,-43,2
20,51,39,722,0.9512,2.8397,0.334965,0,IDLE,50,6,-49,2
20,51,41,702,1.8350,2.8397,0.646195,0,IDLE,51,6,-47,2
20,51,43,338,1.6930,2.8397,0.596190,0,IDLE,61,6,-45,2
20,51,44,970,0.3767,2.8397,0.132655,0,IDLE,57,6,-47,2
20,51,46,935,2.8780,2.8397,1.013487,1,IDLE,49,6,-40,2
20,51,48,868,0.3510,2.8397,0.123605,0,IDLE,53,6,-48,2
20,51,50,814,1.0516,2.8397,0.370321,0,IDLE,51,6,-49,2
20,51,52,765,0.4777,2.8397,0.168222,0,IDLE,51,6,-46,2
20,51,54,705,1.3971,2.8397,0.491989,0,IDLE,50,6,-42,2
20,51,56,550,2.2361,2.8397,0.787442,0,IDLE,54,6,-44,2
20,51,58,289,0.5282,2.8397,0.186006,0,IDLE,56,6,-51,2
20,52,0,237,2.5198,2.8397,0.887347,0,IDLE,52,6,-47,2
20,52,1,990,1.0210,2.8397,0.359545,0,IDLE,54,6,-45,2
20,52,3,922,1.7853,2.8397,0.628693,0,IDLE,54,6,-46,2
20,52,5,970,0.1471,2.8397,0.051801,0,IDLE,50,6,-45,2
20,52,7,806,0.8816,2.8397,0.310455,0,IDLE,52,6,-49,2
20,52,9,657,1.6435,2.8397,0.578758,0,IDLE,53,6,-45,2
20,52,11,501,0.8565,2.8397,0.301616,0,IDLE,54,6,-48,2
20,52,13,445,2.6196,2.8397,0.922492,0,IDLE,51,6,-49,2
20,52,15,391,0.2297,2.8397,0.080889,0,IDLE,51,6,-47,2
20,52,17,440,1.7994,2.8397,0.633658,0,IDLE,49,6,-47,2
20,52,19,283,2.6952,2.8397,0.949114,0,IDLE,54,6,-48,2
20,52,20,959,1.3498,2.8397,0.475332,0,IDLE,56,6,-42,2
20,52,22,796,6.2015,2.8397,2.183857,1,MOTION,54,6,-45,2
20,52,24,917,3.9580,2.8397,1.393809,1,MOTION,49,6,-49,2
20,52,26,762,8.1553,2.8397,2.871888,1,MOTION,54,6,-41,2
20,52,28,705,1.5168,2.8397,0.534141,0,MOTION,50,6,-50,2
20,52,30,445,2.4926,2.8397,0.877769,0,IDLE,57,6,-41,2
20,52,32,289,1.3610,2.8397,0.479276,0,IDLE,54,6,-45,2
20,52,34,131,6.8527,2.8397,2.413177,1,MOTION,55,6,-47,2
20,52,36,77,3.6329,2.8397,1.279325,1,MOTION,48,6,-48,2
20,52,37,922,4.0189,2.8397,1.415255,1,MOTION,54,6,-40,2
20,52,39,871,2.6362,2.8397,0.928338,0,IDLE,51,6,-49,2
20,52,42,18,1.0738,2.8397,0.378139,0,IDLE,48,6,-50,2
20,52,52,566,1.9489,2.8397,0.686305,0,IDLE,9,6,-48,2
20,52,54,512,0.9553,2.8397,0.336409,0,IDLE,49,6,-43,2
20,52,56,356,0.0354,2.8397,0.012466,0,IDLE,53,6,-41,2
20,52,58,298,0.0098,2.8397,0.003451,0,IDLE,52,6,-41,2
21,1,0,838,0.0086,0.0496,0.173387,0,IDLE,51,6,-42,0
21,1,2,682,0.0057,0.0496,0.114919,0,IDLE,53,6,-41,0
21,1,4,627,0.0059,0.0496,0.118952,0,IDLE,52,6,-41,0
21,1,6,470,0.0089,0.0496,0.179435,0,IDLE,53,6,-41,0
21,1,8,426,0.0064,0.0496,0.129032,0,IDLE,51,6,-43,0
21,1,10,256,0.0064,0.0496,0.129032,0,IDLE,54,6,-41,0
21,1,12,100,0.0186,0.0496,0.375000,0,IDLE,53,6,-41,0
21,1,13,860,0.2372,0.0496,4.782258,1,MOTION,54,6,-42,0
21,1,15,678,0.0064,0.0496,0.129032,0,IDLE,56,6,-43,0
21,1,17,604,0.0084,0.0496,0.169355,0,IDLE,51,6,-41,0
21,1,19,167,0.0103,0.0496,0.207661,0,IDLE,65,6,-42,0
21,1,21,113,0.0069,0.0496,0.139113,0,IDLE,53,6,-42,0
21,1,22,845,0.0074,0.0496,0.149194,0,IDLE,54,6,-43,0
21,1,24,491,0.0107,0.0496,0.215726,0,IDLE,62,6,-43,0
21,1,26,335,0.0089,0.0496,0.179435,0,IDLE,53,6,-41,0
21,1,28,280,0.0096,0.0496,0.193548,0,IDLE,52,6,-43,0
21,1,30,290,0.0085,0.0496,0.171371,0,IDLE,49,6,-42,0
21,1,32,173,0.0089,0.0496,0.179435,0,IDLE,53,6,-42,0
21,1,33,906,0.0073,0.0496,0.147177,0,IDLE,56,6,-41,0
21,1,35,665,0.1976,0.0496,3.983871,1,IDLE,55,6,-41,0
21,1,37,711,0.1506,0.0496,3.036290,1,MOTION,48,6,-41,0
21,1,39,544,0.0184,0.0496,0.370968,0,IDLE,56,6,-41,0
21,1,41,592,0.0095,0.0496,0.191532,0,IDLE,49,6,-42,0
21,1,43,334,0.0050,0.0496,0.100806,0,IDLE,57,6,-42,0
21,1,45,280,0.0135,0.0496,0.272177,0,IDLE,51,6,-41,0
21,1,47,46,0.1761,0.0496,3.550403,1,MOTION,53,6,-41,0
21,1,48,968,0.0059,0.0496,0.118952,0,IDLE,55,6,-43,0
21,1,50,625,0.0067,0.0496,0.135081,0,IDLE,56,6,-44,0
21,1,52,656,0.0081,0.0496,0.163306,0,IDLE,51,6,-43,0
21,1,54,497,0.0076,0.0496,0.153226,0,IDLE,53,6,-41,0
21,1,56,422,0.0090,0.0496,0.181452,0,IDLE,51,6,-41,0
21,1,58,388,0.0112,0.0496,0.225806,0,IDLE,51,6,-43,0
21,2,0,230,0.0070,0.0496,0.141129,0,IDLE,54,6,-41,0
21,2,2,280,0.0085,0.0496,0.171371,0,IDLE,48,6,-43,0
21,2,4,122,0.0105,0.0496,0.211694,0,IDLE,54,6,-41,0
21,2,6,69,0.2660,0.0496,5.362903,1,MOTION,52,6,-43,0
21,2,7,814,0.0125,0.0496,0.252016,0,MOTION,52,6,-41,0
21,2,9,856,0.0085,0.0496,0.171371,0,IDLE,51,6,-41,0
21,2,11,804,0.0077,0.0496,0.155242,0,IDLE,50,6,-41,0
21,2,13,646,0.0056,0.0496,0.112903,0,IDLE,54,6,-41,0
21,2,15,593,0.0088,0.0496,0.177419,0,IDLE,51,6,-41,0
21,2,17,334,0.0088,0.0496,0.177419,0,IDLE,56,6,-43,0
21,2,19,74,0.0098,0.0496,0.197581,0,IDLE,57,6,-41,0
21,2,21,19,0.0052,0.0496,0.104839,0,IDLE,53,6,-42,0
21,2,22,862,0.0122,0.0496,0.245968,0,IDLE,51,6,-42,0
21,2,24,639,0.0083,0.0496,0.167339,0,IDLE,54,6,-41,0
21,2,26,653,0.0090,0.0496,0.181452,0,IDLE,51,6,-43,0
21,2,28,495,0.0050,0.0496,0.100806,0,IDLE,54,6,-41,0
21,2,30,236,0.0081,0.0496,0.163306,0,IDLE,57,6,-41,0
21,2,32,122,0.0068,0.0496,0.137097,0,IDLE,55,6,-42,0
21,2,33,788,0.0086,0.0496,0.173387,0,IDLE,57,6,-42,0
21,2,35,768,0.0049,0.0496,0.098790,0,IDLE,50,6,-41,0
21,2,37,816,0.0068,0.0496,0.137097,0,IDLE,49,6,-41,0
21,2,39,658,0.0099,0.0496,0.199597,0,IDLE,54,6,-42,0
21,2,41,521,0.0044,0.0496,0.088710,0,IDLE,51,6,-42,0
21,2,43,241,0.1821,0.0496,3.671371,1,IDLE,60,6,-41,0
21,2,45,89,0.0087,0.0496,0.175403,0,MOTION,52,6,-42,0
21,2,47,30,0.0085,0.0496,0.171371,0,IDLE,53,6,-43,0
21,2,48,976,0.0124,0.0496,0.250000,0,IDLE,51,6,-41,0
21,2,50,615,0.0068,0.0496,0.137097,0,IDLE,57,6,-41,0
21,2,52,488,0.0094,0.0496,0.189516,0,IDLE,53,6,-41,0
21,2,54,506,0.0055,0.0496,0.110887,0,IDLE,52,6,-42,0
21,2,56,352,0.0125,0.0496,0.252016,0,IDLE,53,6,-43,0
21,2,58,193,0.0091,0.0496,0.183468,0,IDLE,54,6,-41,0
21,3,0,68,0.0058,0.0496,0.116935,0,IDLE,51,6,-41,2
21,3,1,984,0.5140,0.0496,10.362903,1,IDLE,56,6,-52,2
21,3,3,750,0.9920,0.0496,20.000000,1,MOTION,51,6,-45,2
21,3,5,672,1.5514,0.0496,31.278226,1,MOTION,52,6,-50,2
21,3,7,615,2.4757,0.0496,49.913306,1,MOTION,53,6,-42,2
21,3,9,562,0.2156,0.0496,4.346774,1,MOTION,51,6,-47,2
21,3,11,507,1.1268,0.0496,22.717742,1,MOTION,54,6,-44,2
21,3,13,348,0.5376,0.0496,10.838710,1,MOTION,52,6,-47,2
21,3,15,294,1.6372,0.0496,33.008065,1,MOTION,51,6,-43,2
21,3,17,242,1.5455,0.0496,31.159274,1,MOTION,51,6,-48,2
21,3,18,998,0.3437,0.0496,6.929435,1,MOTION,54,6,-50,2
21,3,21,29,0.2501,0.0496,5.042339,1,MOTION,51,6,-44,2
21,3,22,873,1.7402,0.0496,35.084677,1,MOTION,56,6,-43,2
21,3,24,511,0.4972,0.0496,10.024194,1,MOTION,61,6,-41,2
21,3,26,165,1.4956,0.0496,30.153226,1,MOTION,54,6,-48,2
21,3,28,94,1.5047,0.0496,30.336694,1,MOTION,54,6,-50,2
21,3,29,939,1.6615,0.0496,33.497984,1,MOTION,54,6,-54,2
21,3,31,883,1.0922,0.0496,22.020161,1,MOTION,51,6,-46,2
21,3,33,739,0.5639,0.0496,11.368952,1,MOTION,51,6,-45,2
21,3,35,674,1.7754,0.0496,35.794355,1,MOTION,56,6,-48,2
21,3,37,518,1.3925,0.0496,28.074597,1,MOTION,51,6,-49,2
21,3,39,359,5.4300,0.0496,109.475806,1,MOTION,54,6,-43,2
21,3,41,307,1.4181,0.0496,28.590726,1,MOTION,51,6,-49,2
21,3,43,149,2.1715,0.0496,43.780242,1,MOTION,54,6,-49,2
21,3,45,94,2.7407,0.0496,55.256048,1,MOTION,51,6,-52,2
21,3,47,41,3.7964,0.0496,76.540323,1,MOTION,51,6,-47,2
21,3,48,782,2.0805,0.0496,41.945565,1,MOTION,56,6,-42,2
21,3,50,627,2.8699,0.0496,57.860887,1,MOTION,54,6,-45,2
21,3,52,461,3.2253,0.0496,65.026210,1,MOTION,53,6,-48,2
21,3,54,312,9.8076,0.0496,197.733871,1,MOTION,55,6,-43,2
21,3,55,950,2.9930,0.0496,60.342742,1,MOTION,59,6,-49,2
21,3,57,724,1.7331,0.0496,34.941532,1,MOTION,55,6,-45,2
21,3,59,468,4.3324,0.0496,87.346774,1,MOTION,56,6,-45,2
21,4,1,481,1.8846,0.0496,37.995968,1,MOTION,54,6,-49,2
21,4,3,327,2.5115,0.0496,50.635081,1,MOTION,51,6,-40,2
21,4,5,272,2.2663,0.0496,45.691532,1,MOTION,51,6,-45,2
21,4,7,113,3.3344,0.0496,67.225806,1,MOTION,54,6,-47,2
21,4,9,60,1.1822,0.0496,23.834677,1,MOTION,51,6,-47,2
21,4,10,733,3.1069,0.0496,62.639113,1,MOTION,56,6,-43,2
21,4,12,645,2.6436,0.0496,53.298387,1,MOTION,55,6,-44,2
21,4,14,384,2.1644,0.0496,43.637097,1,MOTION,56,6,-48,2
21,4,16,431,1.1237,0.0496,22.655242,1,MOTION,48,6,-45,2
21,4,18,376,1.1827,0.0496,23.844758,1,MOTION,51,6,-44,2
21,4,20,250,2.3380,0.0496,47.137097,1,MOTION,51,6,-47,2
21,4,22,268,3.1777,0.0496,64.066532,1,MOTION,51,6,-44,2
21,4,24,8,2.2505,0.0496,45.372984,1,MOTION,57,6,-41,2
21,4,25,682,0.7192,0.0496,14.500000,1,MOTION,56,6,-48,2
21,4,27,593,0.6873,0.0496,13.856855,1,MOTION,54,6,-49,2
21,4,29,333,1.2323,0.0496,24.844758,1,MOTION,57,6,-46,2
21,4,31,279,0.8639,0.0496,17.417339,1,MOTION,51,6,-48,2
21,4,33,124,2.0991,0.0496,42.320565,1,MOTION,54,6,-43,2
21,4,35,69,1.1810,0.0496,23.810484,1,MOTION,51,6,-48,2
21,4,37,13,1.0379,0.0496,20.925403,1,MOTION,51,6,-45,2
21,4,38,859,0.9043,0.0496,18.231855,1,MOTION,54,6,-46,2
21,4,40,701,2.3963,0.0496,48.312500,1,MOTION,54,6,-47,2
21,4,42,545,1.8231,0.0496,36.756048,1,MOTION,53,6,-44,2
21,4,44,285,1.3855,0.0496,27.933468,1,MOTION,58,6,-45,2
21,4,46,128,2.9138,0.0496,58.745968,1,MOTION,54,6,-45,2
21,4,48,74,0.6319,0.0496,12.739919,1,MOTION,51,6,-44,2
21,4,49,917,1.0774,0.0496,21.721774,1,MOTION,54,6,-46,2
21,4,51,761,0.1236,0.0496,2.491935,1,MOTION,53,6,-48,2
21,4,53,810,1.2994,0.0496,26.197581,1,MOTION,49,6,-49,2
21,4,55,858,2.5662,0.0496,51.737903,1,MOTION,48,6,-48,2
21,4,57,599,0.5580,0.0496,11.250000,1,MOTION,55,6,-49,2
21,4,59,458,1.8140,0.0496,36.572581,1,MOTION,53,6,-46,2
21,15,1,689,0.0190,2.7722,0.006854,0,IDLE,56,6,-41,0
21,15,2,919,0.0203,2.7722,0.007323,0,IDLE,75,6,-41,0
21,15,4,251,0.0230,2.7722,0.008297,0,IDLE,75,6,-42,0
21,15,5,582,0.0245,2.7722,0.008838,0,IDLE,79,6,-41,0
21,15,6,709,0.0170,2.7722,0.006132,0,IDLE,82,6,-43,0
21,15,8,244,2.4952,2.7722,0.900079,0,IDLE,65,6,-41,0
21,15,10,190,0.4548,2.7722,0.164057,0,IDLE,53,6,-41,0
21,15,12,134,0.0107,2.7722,0.003860,0,IDLE,49,6,-41,0
21,15,13,881,0.0116,2.7722,0.004184,0,IDLE,54,6,-43,0
21,15,15,620,0.0107,2.7722,0.003860,0,IDLE,57,6,-43,0
21,15,17,561,0.0074,2.7722,0.002669,0,IDLE,54,6,-41,0
21,15,19,612,0.0147,2.7722,0.005303,0,IDLE,48,6,-43,0
21,15,21,203,0.0078,2.7722,0.002814,0,IDLE,60,6,-42,0
21,15,22,983,0.0221,2.7722,0.007972,0,IDLE,56,6,-43,0
21,15,24,938,0.0113,2.7722,0.004076,0,IDLE,52,6,-44,0
21,15,26,777,0.0097,2.7722,0.003499,0,IDLE,51,6,-43,0
21,15,28,724,0.0164,2.7722,0.005916,0,IDLE,53,6,-41,0
21,15,30,573,0.0157,2.7722,0.005663,0,IDLE,51,6,-41,0
21,15,32,616,0.0131,2.7722,0.004725,0,IDLE,51,6,-41,0
21,15,34,356,0.0095,2.7722,0.003427,0,IDLE,59,6,-41,0
21,15,36,98,0.0105,2.7722,0.003788,0,IDLE,55,6,-44,0
21,15,37,940,0.0213,2.7722,0.007683,0,IDLE,54,6,-43,0
21,15,39,892,0.0090,2.7722,0.003247,0,IDLE,51,6,-41,0
21,15,41,628,0.0139,2.7722,0.005014,0,IDLE,57,6,-41,0
21,15,43,370,0.0144,2.7722,0.005194,0,IDLE,60,6,-41,0
21,15,45,213,0.0310,2.7722,0.011182,0,IDLE,52,6,-41,0
21,15,47,56,0.4348,2.7722,0.156843,0,IDLE,54,6,-43,0
21,15,48,899,0.0421,2.7722,0.015186,0,IDLE,51,6,-43,0
21,15,50,631,0.0502,2.7722,0.018108,0,IDLE,59,6,-43,0
21,15,52,433,0.0426,2.7722,0.015367,0,IDLE,55,6,-44,0
21,15,54,140,0.0423,2.7722,0.015259,0,IDLE,56,6,-43,0
21,15,56,68,0.0434,2.7722,0.015655,0,IDLE,54,6,-41,0
21,15,57,808,0.0405,2.7722,0.014609,0,IDLE,56,6,-42,0
21,15,59,652,0.0350,2.7722,0.012625,0,IDLE,52,6,-43,0
21,16,1,802,0.0732,2.7722,0.026405,0,IDLE,48,6,-41,0
21,16,3,747,0.0239,2.7722,0.008621,0,IDLE,53,6,-42,0
21,16,5,593,0.0331,2.7722,0.011940,0,IDLE,52,6,-41,0
21,16,7,433,0.0578,2.7722,0.020850,0,IDLE,54,6,-41,0
21,16,9,380,0.0405,2.7722,0.014609,0,IDLE,50,6,-42,0
21,16,11,224,0.0384,2.7722,0.013852,0,IDLE,54,6,-43,0
21,16,13,66,0.0401,2.7722,0.014465,0,IDLE,54,6,-41,0
21,16,15,12,0.0481,2.7722,0.017351,0,IDLE,50,6,-43,0
21,16,16,857,0.0441,2.7722,0.015908,0,IDLE,54,6,-41,0
21,16,18,698,0.0637,2.7722,0.022978,0,IDLE,54,6,-44,0
21,16,20,647,0.0585,2.7722,0.021102,0,IDLE,53,6,-41,0
21,16,22,497,0.1683,2.7722,0.060710,0,IDLE,49,6,-41,0
21,16,24,332,0.1127,2.7722,0.040654,0,IDLE,56,6,-42,0
21,16,26,109,0.0311,2.7722,0.011219,0,IDLE,54,6,-41,0
21,16,27,915,0.0306,2.7722,0.011038,0,IDLE,57,6,-41,0
21,16,29,759,0.0490,2.7722,0.017675,0,IDLE,54,6,-41,0
21,16,31,602,0.0630,2.7722,0.022726,0,IDLE,54,6,-43,0
21,16,33,546,0.0456,2.7722,0.016449,0,IDLE,53,6,-41,0
21,16,35,287,0.0292,2.7722,0.010533,0,IDLE,52,6,-44,0
21,16,37,131,0.0293,2.7722,0.010569,0,IDLE,57,6,-41,0
21,16,38,976,0.0477,2.7722,0.017207,0,IDLE,53,6,-41,0
21,16,40,727,0.0385,2.7722,0.013888,0,IDLE,54,6,-41,0
21,16,42,766,0.0290,2.7722,0.010461,0,IDLE,53,6,-42,0
21,16,44,403,0.0427,2.7722,0.015403,0,IDLE,57,6,-41,0
21,16,46,245,0.0282,2.7722,0.010172,0,IDLE,55,6,-41,0
21,16,48,192,0.0547,2.7722,0.019732,0,IDLE,50,6,-41,0
21,16,50,34,0.0316,2.7722,0.011399,0,IDLE,51,6,-41,0
21,16,51,979,0.0395,2.7722,0.014249,0,IDLE,56,6,-41,0
21,16,53,836,0.0248,2.7722,0.008946,0,IDLE,51,6,-44,0
21,16,55,590,0.0332,2.7722,0.011976,0,IDLE,54,6,-41,0
21,16,57,409,0.0485,2.7722,0.017495,0,IDLE,56,6,-41,0
21,16,59,277,0.4741,2.7722,0.171019,0,IDLE,51,6,-43,0
21,17,1,299,0.1692,2.7722,0.061035,0,IDLE,52,6,-43,2
21,17,3,144,1.8109,2.7722,0.653236,0,IDLE,54,6,-46,2
21,17,5,88,3.0365,2.7722,1.095339,1,MOTION,51,6,-46,2
21,17,7,137,3.5072,2.7722,1.265132,1,IDLE,50,6,-46,2
21,17,8,980,4.3161,2.7722,1.556922,1,MOTION,52,6,-50,2
21,17,10,744,1.3080,2.7722,0.471827,0,IDLE,53,6,-50,2
21,17,12,668,0.5039,2.7722,0.181769,0,IDLE,54,6,-49,2
21,17,14,714,1.1813,2.7722,0.426124,0,IDLE,50,6,-49,2
21,17,16,559,0.3831,2.7722,0.138193,0,IDLE,52,6,-44,2
21,17,18,503,0.6299,2.7722,0.227220,0,IDLE,51,6,-50,2
21,17,20,349,1.2628,2.7722,0.455523,0,IDLE,53,6,-44,2
21,17,22,189,3.8350,2.7722,1.383378,1,IDLE,56,6,-44,2
21,17,24,39,2.0933,2.7722,0.755104,0,MOTION,52,6,-48,2
21,17,25,978,3.7394,2.7722,1.348893,1,MOTION,52,6,-47,2
21,17,27,846,2.2245,2.7722,0.802431,0,IDLE,49,6,-48,2
21,17,29,771,1.1767,2.7722,0.424464,0,IDLE,51,6,-47,2
21,17,31,729,0.2221,2.7722,0.080117,0,IDLE,51,6,-44,2
21,17,33,558,0.2039,2.7722,0.073552,0,IDLE,57,6,-50,2
21,17,35,303,0.8502,2.7722,0.306688,0,IDLE,54,6,-48,2
21,17,37,244,1.0460,2.7722,0.377318,0,IDLE,53,6,-45,2
21,17,39,189,3.7402,2.7722,1.349181,1,IDLE,51,6,-45,2
21,17,41,33,0.6374,2.7722,0.229926,0,MOTION,54,6,-47,2
21,17,42,878,1.5020,2.7722,0.541808,0,IDLE,54,6,-45,2
21,17,44,528,0.7204,2.7722,0.259866,0,IDLE,57,6,-49,2
21,17,46,463,1.0286,2.7722,0.371041,0,IDLE,54,6,-48,2
21,17,48,339,0.3395,2.7722,0.122466,0,IDLE,51,6,-46,2
21,17,50,260,0.8918,2.7722,0.321694,0,IDLE,51,6,-48,2
21,17,52,196,2.0044,2.7722,0.723036,0,IDLE,54,6,-44,2
21,17,54,140,0.8161,2.7722,0.294387,0,IDLE,51,6,-48,2
21,17,56,87,0.5378,2.7722,0.193998,0,IDLE,51,6,-39,2
21,17,58,32,1.0526,2.7722,0.379698,0,IDLE,50,6,-50,2
21,17,59,978,1.8753,2.7722,0.676466,0,IDLE,51,6,-44,2
21,18,1,822,1.5026,2.7722,0.542024,0,IDLE,53,6,-48,2
21,18,3,664,0.9929,2.7722,0.358163,0,IDLE,54,6,-42,2
21,18,5,404,0.6411,2.7722,0.231260,0,IDLE,54,6,-44,2
21,18,7,352,0.8603,2.7722,0.310331,0,IDLE,53,6,-46,2
21,18,9,298,0.9422,2.7722,0.339874,0,IDLE,51,6,-46,2
21,18,11,242,4.0755,2.7722,1.470132,1,MOTION,53,6,-49,2
21,18,13,0,3.7969,2.7722,1.369634,1,MOTION,52,6,-47,2
21,18,15,34,5.8149,2.7722,2.097576,1,MOTION,51,6,-50,2
21,18,16,874,7.3904,2.7722,2.665897,1,MOTION,53,6,-44,2
21,18,18,924,2.3856,2.7722,0.860544,0,IDLE,49,6,-44,2
21,18,20,767,6.8610,2.7722,2.474930,1,IDLE,54,6,-46,2
21,18,22,507,8.1946,2.7722,2.955992,1,MOTION,57,6,-51,2
21,18,24,264,1.8392,2.7722,0.663444,0,IDLE,54,6,-49,2
21,18,26,91,4.4808,2.7722,1.616334,1,MOTION,57,6,-43,2
21,18,27,833,1.8535,2.7722,0.668603,0,MOTION,56,6,-45,2
21,18,29,675,1.8704,2.7722,0.674699,0,IDLE,54,6,-47,2
21,18,31,723,6.1381,2.7722,2.214162,1,MOTION,51,6,-48,2
21,18,33,572,3.2463,2.7722,1.171019,1,MOTION,51,6,-45,2
21,18,35,446,7.4868,2.7722,2.700671,1,MOTION,51,6,-48,2
21,18,37,560,3.6191,2.7722,1.305497,1,MOTION,49,6,-47,2
21,18,39,506,1.2855,2.7722,0.463711,0,MOTION,48,6,-48,2
21,18,41,453,3.7054,2.7722,1.336628,1,MOTION,54,6,-46,2
21,18,43,397,1.8735,2.7722,0.675817,0,IDLE,51,6,-47,2
21,18,45,343,1.9963,2.7722,0.720114,0,IDLE,51,6,-46,2
21,18,47,289,4.7737,2.7722,1.721990,1,MOTION,51,6,-47,2
21,18,49,337,1.3199,2.7722,0.476120,0,MOTION,49,6,-51,2
21,18,51,181,3.8282,2.7722,1.380925,1,MOTION,56,6,-49,2
21,18,53,24,1.3511,2.7722,0.487375,0,IDLE,52,6,-50,2
21,18,54,968,5.9071,2.7722,2.130835,1,MOTION,51,6,-46,2
21,18,56,908,2.4764,2.7722,0.893298,0,MOTION,50,6,-51,2
21,18,58,887,5.9755,2.7722,2.155508,1,MOTION,49,6,-46,2
21,19,1,12,3.6261,2.7722,1.308023,1,MOTION,49,6,-46,2
21,28,1,919,0.0209,0.0403,0.518610,0,IDLE,51,6,-43,0
21,28,3,764,0.0174,0.0403,0.431762,0,IDLE,53,6,-41,0
21,28,5,813,0.0194,0.0403,0.481390,0,IDLE,49,6,-41,0
21,28,7,756,0.0157,0.0403,0.389578,0,IDLE,51,6,-41,0
21,28,9,804,0.0217,0.0403,0.538462,0,IDLE,48,6,-43,0
21,28,11,853,0.0181,0.0403,0.449132,0,IDLE,48,6,-41,0
21,28,13,900,3.1736,0.0403,78.749380,1,IDLE,48,6,-41,0
21,28,15,948,0.7706,0.0403,19.121588,1,MOTION,52,6,-41,0
21,28,17,794,0.0239,0.0403,0.593052,0,IDLE,51,6,-42,0
21,28,19,942,0.0238,0.0403,0.590571,0,IDLE,46,6,-41,0
21,28,21,812,0.0482,0.0403,1.196030,1,IDLE,50,6,-43,0
21,28,23,937,0.0433,0.0403,1.074442,1,MOTION,49,6,-43,0
21,28,25,898,0.0695,0.0403,1.724566,1,MOTION,50,6,-42,0
21,28,27,827,0.0307,0.0403,0.761787,0,MOTION,51,6,-41,0
21,28,29,672,0.0406,0.0403,1.007444,1,IDLE,53,6,-41,0
21,28,31,414,0.0260,0.0403,0.645161,0,MOTION,57,6,-43,0
21,28,33,357,0.0445,0.0403,1.104218,1,IDLE,51,6,-41,0
21,28,35,304,0.0455,0.0403,1.129032,1,MOTION,51,6,-41,0
21,28,37,351,0.0523,0.0403,1.297767,1,MOTION,48,6,-41,0
21,28,39,298,0.0303,0.0403,0.751861,0,IDLE,51,6,-44,0
21,28,41,47,0.0411,0.0403,1.019851,1,IDLE,54,6,-43,0
21,28,43,91,0.0395,0.0403,0.980149,0,MOTION,48,6,-44,0
21,28,44,930,0.0435,0.0403,1.079404,1,MOTION,57,6,-41,0
21,28,46,874,0.0379,0.0403,0.940447,0,IDLE,50,6,-41,0
21,28,48,645,0.6937,0.0403,17.213400,1,MOTION,54,6,-43,0
21,28,50,768,0.0399,0.0403,0.990074,0,MOTION,48,6,-41,0
21,28,52,768,0.0371,0.0403,0.920596,0,IDLE,50,6,-43,0
21,28,54,760,0.0483,0.0403,1.198511,1,MOTION,49,6,-43,0
21,28,56,629,0.0348,0.0403,0.863524,0,IDLE,51,6,-41,0
21,28,58,553,0.0410,0.0403,1.017370,1,IDLE,51,6,-44,0
21,29,0,496,0.0396,0.0403,0.982630,0,MOTION,53,6,-43,0
21,29,2,339,0.0518,0.0403,1.285360,1,IDLE,54,6,-42,0
21,29,4,182,0.0450,0.0403,1.116625,1,MOTION,54,6,-43,0
21,29,6,127,0.0260,0.0403,0.645161,0,IDLE,51,6,-41,0
21,29,8,83,0.0348,0.0403,0.863524,0,IDLE,49,6,-41,0
21,29,10,122,0.0568,0.0403,1.409429,1,MOTION,50,6,-43,0
21,29,12,112,0.0356,0.0403,0.883375,0,MOTION,49,6,-41,0
21,29,14,22,0.0419,0.0403,1.039702,1,IDLE,51,6,-41,0
21,29,15,898,0.0533,0.0403,1.322581,1,MOTION,53,6,-42,0
21,29,18,7,0.0484,0.0403,1.200993,1,MOTION,49,6,-41,0
21,29,20,156,0.0335,0.0403,0.831266,0,MOTION,46,6,-41,0
21,29,22,205,0.0490,0.0403,1.215881,1,IDLE,48,6,-41,0
21,29,23,844,0.7054,0.0403,17.503722,1,MOTION,61,6,-43,0
21,29,25,698,0.0140,0.0403,0.347395,0,IDLE,51,6,-41,0
21,29,27,940,0.0331,0.0403,0.821340,0,IDLE,46,6,-42,0
21,29,29,885,0.0346,0.0403,0.858561,0,IDLE,51,6,-41,0
21,29,31,690,0.0418,0.0403,1.037221,1,IDLE,53,6,-41,0
21,29,33,681,0.0523,0.0403,1.297767,1,MOTION,49,6,-41,0
21,29,35,637,0.0322,0.0403,0.799007,0,MOTION,51,6,-43,0
21,29,37,670,0.0364,0.0403,0.903226,0,IDLE,51,6,-41,0
21,29,39,716,0.0627,0.0403,1.555831,1,MOTION,48,6,-41,0
21,29,41,559,0.0502,0.0403,1.245658,1,MOTION,54,6,-43,0
21,29,43,505,0.0480,0.0403,1.191067,1,MOTION,51,6,-43,0
21,29,45,452,0.0382,0.0403,0.947891,0,MOTION,51,6,-41,0
21,29,47,499,0.0593,0.0403,1.471464,1,MOTION,49,6,-42,0
21,29,49,548,0.0342,0.0403,0.848635,0,MOTION,48,6,-41,0
21,29,51,410,0.0565,0.0403,1.401985,1,MOTION,50,6,-41,0
21,29,53,545,0.0404,0.0403,1.002481,1,MOTION,49,6,-43,0
21,29,55,574,0.0307,0.0403,0.761787,0,IDLE,48,6,-43,0
21,29,57,337,0.3851,0.0403,9.555831,1,IDLE,53,6,-41,0
21,29,59,174,0.0120,0.0403,0.297767,0,MOTION,57,6,-41,0
21,30,1,223,0.1633,0.0403,4.052109,1,MOTION,48,6,-46,2
21,30,2,554,0.8195,0.0403,20.334988,1,MOTION,74,6,-49,2
21,30,3,708,1.3576,0.0403,33.687345,1,MOTION,80,6,-48,2
21,30,5,112,1.9528,0.0403,48.456576,1,MOTION,76,6,-45,2
21,30,6,239,0.4030,0.0403,10.000000,1,MOTION,86,6,-46,2
21,30,7,366,1.5539,0.0403,38.558313,1,MOTION,88,6,-47,2
21,30,9,311,0.2119,0.0403,5.258065,1,MOTION,52,6,-50,2
21,30,11,154,1.4894,0.0403,36.957816,1,MOTION,53,6,-47,2
21,30,13,203,3.2816,0.0403,81.429280,1,MOTION,49,6,-47,2
21,30,14,958,1.2943,0.0403,32.116625,1,MOTION,54,6,-45,2
21,30,17,95,2.0320,0.0403,50.421836,1,MOTION,48,6,-46,2
21,30,19,143,2.1056,0.0403,52.248139,1,MOTION,49,6,-48,2
21,30,21,5,1.9179,0.0403,47.590571,1,MOTION,51,6,-46,2
21,30,23,36,1.0884,0.0403,27.007444,1,MOTION,51,6,-47,2
21,30,24,930,0.8150,0.0403,20.223325,1,MOTION,50,6,-51,2
21,30,26,811,0.7293,0.0403,18.096774,1,MOTION,54,6,-45,2
21,30,28,871,1.1624,0.0403,28.843672,1,MOTION,49,6,-46,2
21,30,30,714,1.4077,0.0403,34.930521,1,MOTION,54,6,-44,2
21,30,32,660,2.7047,0.0403,67.114144,1,MOTION,50,6,-52,2
21,30,34,401,2.2046,0.0403,54.704715,1,MOTION,57,6,-44,2
21,30,36,449,2.6195,0.0403,65.000000,1,MOTION,49,6,-43,2
21,30,38,295,6.5584,0.0403,162.739454,1,MOTION,54,6,-47,2
21,30,40,135,4.0645,0.0403,100.856079,1,MOTION,53,6,-43,2
21,30,42,183,3.2834,0.0403,81.473945,1,MOTION,49,6,-45,2
21,30,43,954,2.4698,0.0403,61.285360,1,MOTION,53,6,-40,2
21,30,45,973,3.1030,0.0403,76.997519,1,MOTION,51,6,-51,2
21,30,48,20,2.0632,0.0403,51.196030,1,MOTION,48,6,-46,2
21,30,49,968,4.1942,0.0403,104.074442,1,MOTION,51,6,-43,2
21,30,52,14,4.0860,0.0403,101.389578,1,MOTION,49,6,-50,2
21,30,53,959,3.4433,0.0403,85.441687,1,MOTION,53,6,-49,2
21,30,55,727,5.0678,0.0403,125.751861,1,MOTION,51,6,-44,2
21,30,57,749,2.2034,0.0403,54.674938,1,MOTION,51,6,-48,2
21,30,59,797,3.3176,0.0403,82.322581,1,MOTION,49,6,-45,2
21,31,1,545,4.1575,0.0403,103.163772,1,MOTION,54,6,-41,2
21,31,3,485,2.2715,0.0403,56.364764,1,MOTION,54,6,-47,2
21,31,5,534,1.7156,0.0403,42.570720,1,MOTION,48,6,-47,2
21,31,7,480,0.6401,0.0403,15.883375,1,MOTION,50,6,-49,2
21,31,9,731,3.3419,0.0403,82.925558,1,MOTION,44,6,-45,2
21,31,11,677,2.6159,0.0403,64.910670,1,MOTION,50,6,-48,2
21,31,13,622,4.4845,0.0403,111.277916,1,MOTION,51,6,-47,2
21,31,15,467,2.5971,0.0403,64.444169,1,MOTION,53,6,-53,2
21,31,17,410,2.3729,0.0403,58.880893,1,MOTION,49,6,-49,2
21,31,19,563,2.6065,0.0403,64.677419,1,MOTION,48,6,-43,2
21,31,21,405,1.2212,0.0403,30.302730,1,MOTION,54,6,-44,2
21,31,23,262,1.5461,0.0403,38.364764,1,MOTION,51,6,-47,2
21,31,25,296,0.8897,0.0403,22.076923,1,MOTION,50,6,-50,2
21,31,27,244,1.6603,0.0403,41.198511,1,MOTION,51,6,-47,2
21,31,28,983,0.8471,0.0403,21.019851,1,MOTION,54,6,-48,2
21,31,30,857,1.5191,0.0403,37.694789,1,MOTION,53,6,-44,2
21,31,32,876,0.7919,0.0403,19.650124,1,MOTION,52,6,-45,2
21,31,34,924,1.5309,0.0403,37.987593,1,MOTION,48,6,-49,2
21,31,36,685,1.0635,0.0403,26.389578,1,MOTION,53,6,-47,2
21,31,38,815,0.7171,0.0403,17.794045,1,MOTION,49,6,-46,2
21,31,40,657,0.6696,0.0403,16.615385,1,MOTION,54,6,-45,2
21,31,42,633,1.6643,0.0403,41.297767,1,MOTION,48,6,-42,2
21,31,44,451,1.5792,0.0403,39.186104,1,MOTION,57,6,-43,2
21,31,46,292,1.4549,0.0403,36.101737,1,MOTION,54,6,-49,2
21,31,48,544,1.2104,0.0403,30.034739,1,MOTION,44,6,-45,2
21,31,50,489,1.7253,0.0403,42.811414,1,MOTION,51,6,-46,2
21,31,52,436,0.9510,0.0403,23.598015,1,MOTION,51,6,-49,2
21,31,54,484,1.2260,0.0403,30.421836,1,MOTION,48,6,-48,2
21,31,56,533,1.4977,0.0403,37.163772,1,MOTION,49,6,-45,2
21,31,58,578,0.6449,0.0403,16.002481,1,MOTION,48,6,-44,2
21,47,1,389,0.0148,0.2376,0.062290,0,IDLE,59,6,-41,0
21,47,3,437,0.0258,0.2376,0.108586,0,IDLE,49,6,-43,0
21,47,5,382,0.0099,0.2376,0.041667,0,IDLE,51,6,-41,0
21,47,7,226,0.0132,0.2376,0.055556,0,IDLE,53,6,-41,0
21,47,9,67,2.4942,0.2376,10.497475,1,IDLE,54,6,-44,0
21,47,10,627,1.0707,0.2376,4.506313,1,MOTION,61,6,-42,0
21,47,12,168,0.0222,0.2376,0.093434,0,IDLE,63,6,-41,0
21,47,13,986,0.0244,0.2376,0.102694,0,IDLE,57,6,-41,0
21,47,15,735,0.0168,0.2376,0.070707,0,IDLE,54,6,-42,0
21,47,17,568,0.0140,0.2376,0.058923,0,IDLE,57,6,-43,0
21,47,19,311,0.0188,0.2376,0.079125,0,IDLE,56,6,-41,0
21,47,21,152,0.0185,0.2376,0.077862,0,IDLE,51,6,-41,0
21,47,22,996,0.0204,0.2376,0.085859,0,IDLE,57,6,-41,0
21,47,24,634,0.0169,0.2376,0.071128,0,IDLE,60,6,-41,0
21,47,26,94,0.0150,0.2376,0.063131,0,IDLE,64,6,-41,0
21,47,27,707,0.0133,0.2376,0.055976,0,IDLE,64,6,-43,0
21,47,29,651,0.0245,0.2376,0.103114,0,IDLE,52,6,-41,0
21,47,31,404,0.0117,0.2376,0.049242,0,IDLE,53,6,-43,0
21,47,33,235,0.0119,0.2376,0.050084,0,IDLE,56,6,-43,0
21,47,35,80,0.0170,0.2376,0.071549,0,IDLE,54,6,-41,0
21,47,36,823,0.0166,0.2376,0.069865,0,IDLE,57,6,-43,0
21,47,38,561,0.0147,0.2376,0.061869,0,IDLE,57,6,-41,0
21,47,40,205,0.0240,0.2376,0.101010,0,IDLE,57,6,-41,0
21,47,41,943,0.0159,0.2376,0.066919,0,IDLE,60,6,-41,0
21,47,43,579,2.1368,0.2376,8.993266,1,MOTION,61,6,-43,0
21,47,45,219,0.0126,0.2376,0.053030,0,MOTION,60,6,-43,0
21,47,46,856,0.0164,0.2376,0.069024,0,IDLE,60,6,-41,0
21,47,48,700,0.0140,0.2376,0.058923,0,IDLE,54,6,-44,0
21,47,50,337,0.0184,0.2376,0.077441,0,IDLE,60,6,-41,0
21,47,52,284,0.0172,0.2376,0.072391,0,IDLE,51,6,-41,0
21,47,54,25,0.0150,0.2376,0.063131,0,IDLE,56,6,-42,0
21,47,55,869,0.0160,0.2376,0.067340,0,IDLE,56,6,-41,0
21,47,57,613,0.0142,0.2376,0.059764,0,IDLE,55,6,-41,0
21,47,59,248,0.0165,0.2376,0.069444,0,IDLE,59,6,-41,0
21,48,0,989,0.0193,0.2376,0.081229,0,IDLE,57,6,-41,0
21,48,2,639,0.0180,0.2376,0.075758,0,IDLE,58,6,-41,0
21,48,4,469,0.1624,0.2376,0.683502,0,IDLE,57,6,-43,0
21,48,6,111,2.3797,0.2376,10.015572,1,MOTION,61,6,-43,0
21,48,7,849,0.0212,0.2376,0.089226,0,IDLE,57,6,-43,0
21,48,9,591,0.0140,0.2376,0.058923,0,IDLE,58,6,-41,0
21,48,11,332,0.0174,0.2376,0.073232,0,IDLE,56,6,-41,0
21,48,12,976,0.0182,0.2376,0.076599,0,IDLE,60,6,-42,0
21,48,14,607,3.3136,0.2376,13.946128,1,MOTION,58,6,-41,0
21,48,16,350,0.0177,0.2376,0.074495,0,MOTION,61,6,-43,0
21,48,18,194,0.0182,0.2376,0.076599,0,IDLE,54,6,-43,0
21,48,19,729,0.0180,0.2376,0.075758,0,IDLE,63,6,-43,0
21,48,21,471,0.0295,0.2376,0.124158,0,IDLE,57,6,-41,0
21,48,23,210,0.0208,0.2376,0.087542,0,IDLE,57,6,-43,0
21,48,24,800,0.0185,0.2376,0.077862,0,IDLE,61,6,-41,0
21,48,26,487,0.0154,0.2376,0.064815,0,IDLE,60,6,-41,0
21,48,28,124,0.0195,0.2376,0.082071,0,IDLE,60,6,-43,0
21,48,29,867,0.0227,0.2376,0.095539,0,IDLE,58,6,-42,0
21,48,31,608,1.4531,0.2376,6.115741,1,MOTION,59,6,-42,0
21,48,33,349,0.0316,0.2376,0.132997,0,IDLE,54,6,-43,0
21,48,34,987,0.0734,0.2376,0.308923,0,IDLE,61,6,-42,0
21,48,36,722,0.0688,0.2376,0.289562,0,IDLE,57,6,-41,0
21,48,38,469,0.0445,0.2376,0.187290,0,IDLE,56,6,-43,0
21,48,40,208,0.0440,0.2376,0.185185,0,IDLE,57,6,-41,0
21,48,41,950,0.0441,0.2376,0.185606,0,IDLE,57,6,-41,0
21,48,43,793,0.0491,0.2376,0.206650,0,IDLE,57,6,-44,0
21,48,45,536,0.0398,0.2376,0.167508,0,IDLE,55,6,-41,0
21,48,47,278,0.0502,0.2376,0.211279,0,IDLE,56,6,-41,0
21,48,48,852,0.0577,0.2376,0.242845,0,IDLE,60,6,-41,0
21,48,50,656,0.0383,0.2376,0.161195,0,IDLE,60,6,-43,0
21,48,52,498,0.0406,0.2376,0.170875,0,IDLE,52,6,-41,0
21,48,54,240,0.0470,0.2376,0.197811,0,IDLE,57,6,-43,0
21,48,55,991,0.0452,0.2376,0.190236,0,IDLE,53,6,-41,0
21,48,57,619,0.0509,0.2376,0.214226,0,IDLE,64,6,-42,0
21,48,59,360,0.0586,0.2376,0.246633,0,IDLE,57,6,-42,0
21,49,1,308,0.5530,0.2376,2.327441,1,IDLE,51,6,-50,2
21,49,2,944,3.1439,0.2376,13.231902,1,MOTION,63,6,-47,2
21,49,4,685,2.8352,0.2376,11.932660,1,MOTION,55,6,-43,2
21,49,6,225,4.0139,0.2376,16.893519,1,MOTION,61,6,-43,2
21,49,8,65,2.4552,0.2376,10.333333,1,MOTION,57,6,-43,2
21,49,9,907,1.9122,0.2376,8.047980,1,MOTION,54,6,-46,2
21,49,11,712,6.9484,0.2376,29.244108,1,MOTION,54,6,-48,2
21,49,13,492,8.5628,0.2376,36.038721,1,MOTION,56,6,-47,2
21,49,15,33,3.1217,0.2376,13.138468,1,MOTION,62,6,-51,2
21,49,16,873,3.1664,0.2376,13.326599,1,MOTION,57,6,-44,2
21,49,18,612,3.6410,0.2376,15.324074,1,MOTION,57,6,-50,2
21,49,20,352,4.4598,0.2376,18.770202,1,MOTION,57,6,-44,2
21,49,22,94,4.1735,0.2376,17.565236,1,MOTION,57,6,-45,2
21,49,23,726,2.1184,0.2376,8.915825,1,MOTION,64,6,-42,2
21,49,25,370,5.2929,0.2376,22.276515,1,MOTION,58,6,-43,2
21,49,26,937,2.7982,0.2376,11.776936,1,MOTION,59,6,-50,2
21,49,28,663,5.1070,0.2376,21.494108,1,MOTION,57,6,-46,2
21,49,30,491,2.4719,0.2376,10.403620,1,MOTION,56,6,-43,2
21,49,32,232,4.3764,0.2376,18.419192,1,MOTION,57,6,-43,2
21,49,33,972,4.9540,0.2376,20.850168,1,MOTION,55,6,-45,2
21,49,35,641,6.7800,0.2376,28.535354,1,MOTION,59,6,-44,2
21,49,37,558,4.4056,0.2376,18.542088,1,MOTION,54,6,-45,2
21,49,39,299,1.1489,0.2376,4.835438,1,MOTION,57,6,-50,2
21,49,40,938,1.2478,0.2376,5.251684,1,MOTION,61,6,-49,2
21,49,42,676,1.7143,0.2376,7.215067,1,MOTION,57,6,-47,2
21,49,44,126,0.8832,0.2376,3.717172,1,MOTION,65,6,-42,2
21,49,46,57,0.9633,0.2376,4.054293,1,MOTION,54,6,-46,2
21,49,47,796,1.0184,0.2376,4.286195,1,MOTION,57,6,-52,2
21,49,49,640,1.6908,0.2376,7.116162,1,MOTION,53,6,-47,2
21,49,51,176,0.6923,0.2376,2.913721,1,MOTION,64,6,-43,2
21,49,52,919,0.9069,0.2376,3.816919,1,MOTION,57,6,-42,2
21,49,54,658,3.4552,0.2376,14.542088,1,MOTION,57,6,-46,2
21,49,56,400,1.1634,0.2376,4.896465,1,MOTION,57,6,-48,2
21,49,58,62,0.7390,0.2376,3.110269,1,MOTION,56,6,-48,2
21,49,59,983,1.0368,0.2376,4.363636,1,MOTION,54,6,-43,2
21,50,1,732,1.7664,0.2376,7.434343,1,MOTION,54,6,-48,2
21,50,3,568,0.9369,0.2376,3.943182,1,MOTION,57,6,-52,2
21,50,5,208,1.8728,0.2376,7.882155,1,MOTION,60,6,-44,2
21,50,6,846,8.0336,0.2376,33.811448,1,MOTION,60,6,-43,2
21,50,8,382,2.1491,0.2376,9.045034,1,MOTION,65,6,-44,2
21,50,9,917,1.1699,0.2376,4.923822,1,MOTION,65,6,-44,2
21,50,11,657,2.3171,0.2376,9.752104,1,MOTION,56,6,-45,2
21,50,13,297,3.5308,0.2376,14.860269,1,MOTION,61,6,-42,2
21,50,14,941,0.3148,0.2376,1.324916,1,MOTION,58,6,-45,2
21,50,16,675,0.5568,0.2376,2.343434,1,MOTION,59,6,-45,2
21,50,18,623,1.1713,0.2376,4.929714,1,MOTION,51,6,-50,2
21,50,20,771,0.6512,0.2376,2.740741,1,MOTION,46,6,-46,2
21,50,22,514,4.1163,0.2376,17.324495,1,MOTION,56,6,-45,2
21,50,24,255,2.3556,0.2376,9.914141,1,MOTION,57,6,-48,2
21,50,25,891,5.4858,0.2376,23.088384,1,MOTION,64,6,-44,2
21,50,27,325,2.4305,0.2376,10.229377,1,MOTION,66,6,-44,2
21,50,28,976,3.6631,0.2376,15.417088,1,MOTION,56,6,-48,2
21,50,30,704,1.6765,0.2376,7.055976,1,MOTION,60,6,-42,2
21,50,32,343,5.0077,0.2376,21.076178,1,MOTION,61,6,-45,2
21,50,34,88,2.0521,0.2376,8.636785,1,MOTION,57,6,-47,2
21,50,35,826,3.7974,0.2376,15.982323,1,MOTION,57,6,-43,2
21,50,37,475,2.4335,0.2376,10.242003,1,MOTION,60,6,-49,2
21,50,39,18,3.0169,0.2376,12.697391,1,MOTION,61,6,-45,2
21,50,40,638,1.8034,0.2376,7.590067,1,MOTION,64,6,-43,2
21,50,42,379,4.9340,0.2376,20.765993,1,MOTION,58,6,-49,2
21,50,44,20,2.4604,0.2376,10.355219,1,MOTION,59,6,-50,2
21,50,45,674,1.0950,0.2376,4.608586,1,MOTION,58,6,-48,2
21,50,47,602,1.5345,0.2376,6.458333,1,MOTION,54,6,-44,2
21,50,49,344,1.4591,0.2376,6.140993,1,MOTION,56,6,-48,2
21,50,51,188,0.3372,0.2376,1.419192,1,MOTION,56,6,-44,2
21,50,52,651,0.9640,0.2376,4.057239,1,MOTION,61,6,-44,2
21,50,54,361,1.5139,0.2376,6.371633,1,MOTION,61,6,-50,2
21,50,56,18,1.2668,0.2376,5.331650,1,MOTION,57,6,-41,2
21,50,57,846,0.5506,0.2376,2.317340,1,MOTION,54,6,-40,2
21,50,59,583,1.7263,0.2376,7.265572,1,MOTION,60,6,-44,2
21,58,2,212,0.0951,0.1209,0.786600,0,IDLE,58,6,-44,1
21,58,4,68,0.3358,0.1209,2.777502,1,MOTION,56,6,-46,1
21,58,5,798,0.0802,0.1209,0.663358,0,IDLE,54,6,-48,1
21,58,7,570,0.1607,0.1209,1.329198,1,MOTION,57,6,-48,1
21,58,9,278,0.0819,0.1209,0.677419,0,MOTION,57,6,-47,1
21,58,11,18,0.1556,0.1209,1.287014,1,MOTION,58,6,-46,1
21,58,12,722,0.6980,0.1209,5.773366,1,MOTION,56,6,-52,1
21,58,14,503,0.4945,0.1209,4.090157,1,MOTION,60,6,-49,1
21,58,16,139,0.1085,0.1209,0.897436,0,MOTION,55,6,-44,1
21,58,17,982,0.1875,0.1209,1.550868,1,MOTION,57,6,-48,1
21,58,19,724,0.1939,0.1209,1.603805,1,MOTION,57,6,-47,1
21,58,21,464,0.1945,0.1209,1.608768,1,MOTION,59,6,-46,1
21,58,23,0,0.1674,0.1209,1.384615,1,MOTION,62,6,-54,1
21,58,24,461,0.1410,0.1209,1.166253,1,MOTION,64,6,-47,1
21,58,26,187,0.1917,0.1209,1.585608,1,MOTION,57,6,-49,1
21,58,27,846,0.1638,0.1209,1.354839,1,MOTION,60,6,-45,1
21,58,29,664,0.1166,0.1209,0.964433,0,MOTION,55,6,-46,1
21,58,31,505,0.3009,0.1209,2.488834,1,MOTION,57,6,-48,1
21,58,33,244,0.3692,0.1209,3.053763,1,MOTION,57,6,-48,1
21,58,34,880,0.1443,0.1209,1.193548,1,MOTION,61,6,-48,1
21,58,36,517,0.2324,0.1209,1.922250,1,MOTION,60,6,-50,1
21,58,38,463,0.1644,0.1209,1.359801,1,MOTION,51,6,-46,1
21,58,40,204,0.4178,0.1209,3.455749,1,MOTION,57,6,-47,1
21,58,41,893,2.4493,0.1209,20.258892,1,MOTION,57,6,-50,1
21,58,43,584,0.2312,0.1209,1.912324,1,MOTION,59,6,-46,1
21,58,45,430,0.1584,0.1209,1.310174,1,MOTION,55,6,-47,1
21,58,47,66,0.1041,0.1209,0.861042,0,MOTION,60,6,-44,1
21,58,48,910,0.3071,0.1209,2.540116,1,MOTION,56,6,-46,1
21,58,50,754,0.6713,0.1209,5.552523,1,MOTION,52,6,-46,1
21,58,52,382,0.2785,0.1209,2.303557,1,MOTION,63,6,-47,1
21,58,54,237,0.1322,0.1209,1.093466,1,MOTION,52,6,-47,1
21,58,56,98,1.2793,0.1209,10.581472,1,MOTION,54,6,-49,1
21,58,57,716,1.8436,0.1209,15.248966,1,MOTION,60,6,-48,1
21,58,59,383,0.4855,0.1209,4.015715,1,MOTION,57,6,-47,1
21,59,1,100,5.3850,0.1209,44.540943,1,MOTION,58,6,-48,1
21,59,2,841,1.3670,0.1209,11.306865,1,MOTION,59,6,-48,1
21,59,4,477,3.6198,0.1209,29.940447,1,MOTION,61,6,-50,1
21,59,6,123,1.3737,0.1209,11.362283,1,MOTION,57,6,-49,1
21,59,7,925,0.9735,0.1209,8.052109,1,MOTION,57,6,-45,1
21,59,9,800,2.8926,0.1209,23.925558,1,MOTION,54,6,-47,1
21,59,11,540,1.7279,0.1209,14.291977,1,MOTION,59,6,-45,1
21,59,13,385,1.1634,0.1209,9.622829,1,MOTION,54,6,-46,1
21,59,15,22,0.1660,0.1209,1.373036,1,MOTION,58,6,-48,1
21,59,16,691,0.4111,0.1209,3.400331,1,MOTION,56,6,-47,1
21,59,18,401,0.4155,0.1209,3.436725,1,MOTION,61,6,-46,1
21,59,20,347,2.1253,0.1209,17.578991,1,MOTION,53,6,-44,1
21,59,21,986,9.3339,0.1209,77.203474,1,MOTION,57,6,-48,1
21,59,23,626,2.0851,0.1209,17.246485,1,MOTION,60,6,-47,1
21,59,25,469,1.4272,0.1209,11.804797,1,MOTION,54,6,-50,1
21,59,27,9,0.1018,0.1209,0.842018,0,MOTION,62,6,-47,1
21,59,28,747,0.0846,0.1209,0.699752,0,MOTION,60,6,-46,1
21,59,30,487,0.1469,0.1209,1.215054,1,IDLE,57,6,-46,1
21,59,31,952,0.5071,0.1209,4.194376,1,MOTION,65,6,-51,1
21,59,33,659,0.6274,0.1209,5.189413,1,MOTION,58,6,-46,1
21,59,35,349,0.0523,0.1209,0.432589,0,MOTION,61,6,-50,1
21,59,37,143,0.2814,0.1209,2.327543,1,MOTION,56,6,-47,1
21,59,38,782,0.0804,0.1209,0.665012,0,IDLE,60,6,-48,1
21,59,40,432,0.2482,0.1209,2.052936,1,MOTION,58,6,-44,1
21,59,42,58,0.4874,0.1209,4.031431,1,MOTION,64,6,-50,1
21,59,43,697,0.1759,0.1209,1.454921,1,MOTION,61,6,-53,1
21,59,45,540,0.3024,0.1209,2.501241,1,MOTION,56,6,-48,1
21,59,47,76,0.1008,0.1209,0.833747,0,MOTION,61,6,-49,1
21,59,48,647,0.0867,0.1209,0.717122,0,MOTION,60,6,-48,1
21,59,50,557,0.2603,0.1209,2.153019,1,IDLE,57,6,-46,1
21,59,52,196,0.0979,0.1209,0.809760,0,MOTION,60,6,-49,1
21,59,53,936,0.8292,0.1209,6.858561,1,MOTION,54,6,-45,1
21,59,55,575,0.2826,0.1209,2.337469,1,MOTION,58,6,-48,1
21,59,57,337,0.2860,0.1209,2.365591,1,MOTION,56,6,-47,1
21,59,59,80,0.1228,0.1209,1.015715,1,MOTION,57,6,-44,1
22,0,0,620,0.2196,0.1209,1.816377,1,MOTION,64,6,-45,2
22,0,1,854,1.1414,0.1209,9.440860,1,MOTION,80,6,-45,2
22,0,3,50,3.6117,0.1209,29.873449,1,MOTION,91,6,-52,2
22,0,3,993,2.9141,0.1209,24.103391,1,MOTION,95,6,-49,2
22,0,4,926,3.8802,0.1209,32.094293,1,MOTION,107,6,-47,2
22,0,6,20,5.2275,0.1209,43.238213,1,MOTION,97,6,-44,2
22,0,7,147,7.3169,0.1209,60.520265,1,MOTION,91,6,-49,2
22,0,8,274,2.6456,0.1209,21.882548,1,MOTION,86,6,-48,2
22,0,9,916,1.2705,0.1209,10.508685,1,MOTION,58,6,-48,2
22,0,11,448,2.1356,0.1209,17.664185,1,MOTION,65,6,-45,2
22,0,13,112,4.7042,0.1209,38.909843,1,MOTION,59,6,-46,2
22,0,14,756,3.0445,0.1209,25.181969,1,MOTION,60,6,-49,2
22,0,16,467,7.2823,0.1209,60.234078,1,MOTION,61,6,-49,2
22,0,17,901,5.6126,0.1209,46.423490,1,MOTION,68,6,-50,2
22,0,19,539,3.8040,0.1209,31.464020,1,MOTION,61,6,-47,2
22,0,21,177,0.2242,0.1209,1.854425,1,MOTION,58,6,-47,2
22,0,22,820,1.1117,0.1209,9.195203,1,MOTION,60,6,-44,2
22,0,24,661,1.2050,0.1209,9.966915,1,MOTION,57,6,-49,2
22,0,26,230,0.1975,0.1209,1.633581,1,MOTION,60,6,-44,2
22,0,28,140,0.5371,0.1209,4.442514,1,MOTION,54,6,-47,2
22,0,29,828,8.2198,0.1209,67.988420,1,MOTION,57,6,-49,2
22,0,31,346,3.8984,0.1209,32.244830,1,MOTION,64,6,-46,2
22,0,33,56,1.5135,0.1209,12.518610,1,MOTION,61,6,-44,2
22,0,34,696,2.4440,0.1209,20.215054,1,MOTION,61,6,-51,2
22,0,36,334,4.3072,0.1209,35.626137,1,MOTION,60,6,-45,2
22,0,37,977,4.3951,0.1209,36.353184,1,MOTION,58,6,-47,2
22,0,39,815,1.2194,0.1209,10.086022,1,MOTION,59,6,-46,2
22,0,41,452,0.8447,0.1209,6.986766,1,MOTION,58,6,-45,2
22,0,42,991,0.1457,0.1209,1.205128,1,MOTION,64,6,-45,2
22,0,44,526,2.8451,0.1209,23.532672,1,MOTION,65,6,-45,2
22,0,46,164,0.9310,0.1209,7.700579,1,MOTION,57,6,-46,2
22,0,47,726,1.4110,0.1209,11.670802,1,MOTION,63,6,-45,2
22,0,49,645,0.5108,0.1209,4.224979,1,MOTION,56,6,-50,2
22,0,51,182,0.2813,0.1209,2.326716,1,MOTION,62,6,-46,2
22,0,53,26,1.1617,0.1209,9.608768,1,MOTION,54,6,-47,2
22,0,54,870,2.1854,0.1209,18.076096,1,MOTION,53,6,-48,2
22,0,56,611,0.1887,0.1209,1.560794,1,MOTION,57,6,-45,2
22,0,58,349,0.4188,0.1209,3.464020,1,MOTION,57,6,-49,2
22,1,0,56,0.1706,0.1209,1.411084,1,MOTION,60,6,-49,2
22,1,1,728,0.9391,0.1209,7.767577,1,MOTION,58,6,-48,2
22,1,3,574,1.9594,0.1209,16.206782,1,MOTION,56,6,-46,2
22,1,5,315,1.2688,0.1209,10.494624,1,MOTION,55,6,-45,2
22,1,6,864,0.1939,0.1209,1.603805,1,MOTION,60,6,-46,2
22,1,8,495,0.8742,0.1209,7.230769,1,MOTION,61,6,-51,2
22,1,10,231,0.1315,0.1209,1.087676,1,MOTION,60,6,-47,2
22,1,11,970,0.2637,0.1209,2.181141,1,MOTION,57,6,-48,2
22,1,13,712,1.4809,0.1209,12.248966,1,MOTION,57,6,-44,2
22,1,15,351,1.0435,0.1209,8.631100,1,MOTION,61,6,-44,2
22,1,16,885,0.1657,0.1209,1.370554,1,MOTION,64,6,-47,2
22,1,18,627,0.2235,0.1209,1.848635,1,MOTION,58,6,-45,2
22,1,20,368,1.4976,0.1209,12.387097,1,MOTION,57,6,-50,2
22,1,22,6,0.5632,0.1209,4.658395,1,MOTION,60,6,-49,2
22,1,23,646,0.6684,0.1209,5.528536,1,MOTION,60,6,-44,2
22,1,25,437,1.9983,0.1209,16.528536,1,MOTION,54,6,-47,2
22,1,27,127,1.2605,0.1209,10.425972,1,MOTION,60,6,-48,2
22,1,28,866,1.3888,0.1209,11.487179,1,MOTION,56,6,-48,2
22,1,30,712,5.2097,0.1209,43.090984,1,MOTION,54,6,-48,2
22,1,32,452,1.8722,0.1209,15.485525,1,MOTION,57,6,-46,2
22,1,34,294,4.0364,0.1209,33.386270,1,MOTION,54,6,-44,2
22,1,36,35,7.1138,0.1209,58.840364,1,MOTION,57,6,-48,2
22,1,37,575,2.4701,0.1209,20.430935,1,MOTION,61,6,-47,2
22,1,39,327,4.1413,0.1209,34.253929,1,MOTION,57,6,-47,2
22,1,41,53,2.6819,0.1209,22.182796,1,MOTION,57,6,-49,2
22,1,42,898,1.3066,0.1209,10.807279,1,MOTION,57,6,-47,2
22,1,44,536,1.7414,0.1209,14.403639,1,MOTION,61,6,-50,2
22,1,46,71,7.8284,0.1209,64.751034,1,MOTION,63,6,-48,2
22,1,47,916,3.8183,0.1209,31.582299,1,MOTION,55,6,-51,2
22,1,49,655,2.4971,0.1209,20.654260,1,MOTION,57,6,-47,2
22,1,51,191,4.1853,0.1209,34.617866,1,MOTION,64,6,-49,2
22,1,52,727,4.5084,0.1209,37.290323,1,MOTION,61,6,-46,2
22,1,54,571,2.1693,0.1209,17.942928,1,MOTION,56,6,-53,2
22,1,56,106,1.3071,0.1209,10.811414,1,MOTION,64,6,-47,2
22,1,57,938,0.1649,0.1209,1.363937,1,MOTION,56,6,-47,2
22,1,59,589,0.2032,0.1209,1.680728,1,MOTION,58,6,-46,2
22,15,0,227,0.0148,2.1734,0.006810,0,IDLE,61,6,-42,1
22,15,1,764,0.2779,2.1734,0.127864,0,IDLE,64,6,-46,1
22,15,2,828,0.0650,2.1734,0.029907,0,IDLE,87,6,-47,1
22,15,4,121,0.2495,2.1734,0.114797,0,IDLE,82,6,-45,1
22,15,5,41,0.1429,2.1734,0.065750,0,IDLE,106,6,-48,1
22,15,6,167,0.2928,2.1734,0.134720,0,IDLE,88,6,-46,1
22,15,7,192,2.2123,2.1734,1.017898,1,IDLE,98,6,-45,1
22,15,8,523,3.5169,2.1734,1.618156,1,MOTION,75,6,-48,1
22,15,10,268,0.3378,2.1734,0.155425,0,MOTION,57,6,-47,1
22,15,11,812,1.0787,2.1734,0.496319,0,IDLE,60,6,-45,1
22,15,12,928,1.3367,2.1734,0.615027,0,IDLE,61,6,-46,1
22,15,15,77,7.6186,2.1734,3.505383,1,IDLE,64,6,-48,1
22,15,16,818,7.6522,2.1734,3.520843,1,MOTION,58,6,-45,1
22,15,18,559,2.2097,2.1734,1.016702,1,MOTION,56,6,-45,1
22,15,20,307,0.9654,2.1734,0.444189,0,IDLE,57,6,-50,1
22,15,22,40,3.6405,2.1734,1.675025,1,IDLE,57,6,-46,1
22,15,23,678,1.5400,2.1734,0.708567,0,MOTION,60,6,-46,1
22,15,25,421,2.6877,2.1734,1.236634,1,IDLE,57,6,-46,1
22,15,26,982,2.2449,2.1734,1.032898,1,MOTION,60,6,-52,1
22,15,28,910,1.4899,2.1734,0.685516,0,MOTION,54,6,-42,1
22,15,30,451,1.1880,2.1734,0.546609,0,IDLE,60,6,-46,1
22,15,33,511,2.5085,2.1734,1.154182,1,IDLE,64,6,-49,1
22,15,33,792,1.8657,2.1734,0.858425,0,MOTION,57,6,-46,1
22,15,35,353,0.9695,2.1734,0.446075,0,IDLE,64,6,-47,1
22,15,37,95,1.3249,2.1734,0.609598,0,IDLE,57,6,-47,1
22,15,38,835,5.8499,2.1734,2.691589,1,MOTION,58,6,-44,1
22,15,40,395,2.7481,2.1734,1.264424,1,MOTION,60,6,-48,1
22,15,42,215,2.4931,2.1734,1.147097,1,MOTION,57,6,-48,1
22,15,43,764,0.5869,2.1734,0.270038,0,IDLE,60,6,-47,1
22,15,45,403,0.5793,2.1734,0.266541,0,IDLE,60,6,-46,1
22,15,47,239,0.2843,2.1734,0.130809,0,IDLE,56,6,-46,1
22,15,48,929,0.5306,2.1734,0.244134,0,IDLE,58,6,-44,1
22,15,50,612,0.4413,2.1734,0.203046,0,IDLE,60,6,-44,1
22,15,52,353,0.2927,2.1734,0.134674,0,IDLE,60,6,-46,1
22,15,53,881,0.3555,2.1734,0.163569,0,IDLE,61,6,-50,1
22,15,55,445,1.3874,2.1734,0.638355,0,IDLE,61,6,-47,1
22,15,57,166,0.4694,2.1734,0.215975,0,IDLE,61,6,-45,1
22,15,58,906,0.1091,2.1734,0.050198,0,IDLE,57,6,-48,1
22,16,0,649,0.4922,2.1734,0.226465,0,IDLE,57,6,-50,1
22,16,2,387,0.6959,2.1734,0.320190,0,IDLE,57,6,-43,1
22,16,3,822,1.3998,2.1734,0.644060,0,IDLE,68,6,-44,1
22,16,5,357,0.3290,2.1734,0.151376,0,IDLE,65,6,-50,1
22,16,6,912,0.4647,2.1734,0.213812,0,IDLE,61,6,-43,1
22,16,8,738,0.3647,2.1734,0.167802,0,IDLE,57,6,-42,1
22,16,10,376,0.2420,2.1734,0.111346,0,IDLE,61,6,-45,1
22,16,12,117,0.1917,2.1734,0.088203,0,IDLE,57,6,-47,1
22,16,13,858,0.5891,2.1734,0.271050,0,IDLE,57,6,-53,1
22,16,15,598,2.1703,2.1734,0.998574,0,IDLE,57,6,-43,1
22,16,17,237,0.1324,2.1734,0.060918,0,IDLE,58,6,-48,1
22,16,18,860,0.5676,2.1734,0.261158,0,IDLE,64,6,-49,1
22,16,20,435,0.4051,2.1734,0.186390,0,IDLE,60,6,-48,1
22,16,22,153,1.0707,2.1734,0.492638,0,IDLE,61,6,-47,1
22,16,23,792,0.5253,2.1734,0.241695,0,IDLE,61,6,-46,1
22,16,25,448,0.3966,2.1734,0.182479,0,IDLE,56,6,-46,1
22,16,26,892,0.5633,2.1734,0.259179,0,IDLE,69,6,-50,1
22,16,28,810,0.6294,2.1734,0.289592,0,IDLE,57,6,-47,1
22,16,30,369,0.3949,2.1734,0.181697,0,IDLE,57,6,-46,1
22,16,32,85,0.1879,2.1734,0.086454,0,IDLE,62,6,-45,1
22,16,33,622,0.6448,2.1734,0.296678,0,IDLE,64,6,-43,1
22,16,35,362,0.2162,2.1734,0.099475,0,IDLE,57,6,-43,1
22,16,37,206,0.3203,2.1734,0.147373,0,IDLE,55,6,-43,1
22,16,39,49,2.9496,2.1734,1.357136,1,IDLE,56,6,-45,1
22,16,40,687,3.7033,2.1734,1.703920,1,IDLE,58,6,-46,1
22,16,42,328,5.7976,2.1734,2.667526,1,MOTION,60,6,-44,1
22,16,43,964,0.8316,2.1734,0.382626,0,MOTION,58,6,-44,1
22,16,45,605,0.9875,2.1734,0.454357,0,IDLE,65,6,-48,1
22,16,47,344,0.7323,2.1734,0.336938,0,IDLE,56,6,-47,1
22,16,48,992,0.8921,2.1734,0.410463,0,IDLE,58,6,-46,1
22,16,50,723,2.2834,2.1734,1.050612,1,IDLE,60,6,-46,1
22,16,52,467,2.6281,2.1734,1.209211,1,IDLE,57,6,-46,1
22,16,54,206,5.9148,2.1734,2.721450,1,MOTION,57,6,-43,1
22,16,55,675,2.0161,2.1734,0.927625,0,MOTION,64,6,-44,1
22,16,57,379,1.6172,2.1734,0.744088,0,IDLE,64,6,-47,1
22,16,59,121,2.2973,2.1734,1.057007,1,IDLE,57,6,-47,1
22,17,0,758,0.3267,2.1734,0.150317,0,IDLE,55,6,-46,2
22,17,2,500,3.0251,2.1734,1.391874,1,IDLE,61,6,-44,2
22,17,4,139,4.0653,2.1734,1.870479,1,MOTION,60,6,-47,2
22,17,5,776,0.6230,2.1734,0.286648,0,MOTION,61,6,-45,2
22,17,7,522,0.6338,2.1734,0.291617,0,IDLE,57,6,-49,2
22,17,9,260,1.9352,2.1734,0.890402,0,IDLE,57,6,-47,2
22,17,10,898,2.5137,2.1734,1.156575,1,IDLE,60,6,-48,2
22,17,12,639,1.6112,2.1734,0.741327,0,MOTION,57,6,-51,2
22,17,14,187,1.6233,2.1734,0.746894,0,IDLE,61,6,-51,2
22,17,15,748,2.4046,2.1734,1.106377,1,IDLE,64,6,-44,2
22,17,17,455,1.2016,2.1734,0.552866,0,IDLE,61,6,-46,2
22,17,19,196,0.6719,2.1734,0.309147,0,IDLE,58,6,-41,2
22,17,20,729,1.7499,2.1734,0.805144,0,IDLE,65,6,-49,2
22,17,22,367,1.0002,2.1734,0.460201,0,IDLE,60,6,-43,2
22,17,24,107,1.4799,2.1734,0.680915,0,IDLE,56,6,-48,2
22,17,25,745,0.2902,2.1734,0.133524,0,IDLE,58,6,-43,2
22,17,27,312,1.5453,2.1734,0.711006,0,IDLE,63,6,-47,2
22,17,29,125,1.2919,2.1734,0.594414,0,IDLE,57,6,-44,2
22,17,30,870,0.8132,2.1734,0.374160,0,IDLE,58,6,-45,2
22,17,32,505,0.8470,2.1734,0.389712,0,IDLE,60,6,-42,2
22,17,34,144,1.1329,2.1734,0.521257,0,IDLE,61,6,-47,2
22,17,35,680,0.7639,2.1734,0.351477,0,IDLE,64,6,-44,2
22,17,37,524,2.6717,2.1734,1.229272,1,IDLE,55,6,-48,2
22,17,39,65,2.8932,2.1734,1.331186,1,MOTION,60,6,-53,2
22,17,40,800,1.1018,2.1734,0.506948,0,IDLE,60,6,-44,2
22,17,42,542,2.2977,2.1734,1.057191,1,MOTION,56,6,-44,2
22,17,44,101,0.5488,2.1734,0.252508,0,IDLE,61,6,-47,2
22,17,45,789,1.2301,2.1734,0.565980,0,IDLE,62,6,-41,2
22,17,47,354,1.2930,2.1734,0.594920,0,IDLE,64,6,-52,2
22,17,49,94,0.4985,2.1734,0.229364,0,IDLE,59,6,-44,2
22,17,50,939,1.8420,2.1734,0.847520,0,IDLE,52,6,-50,2
22,17,52,781,1.3599,2.1734,0.625702,0,IDLE,54,6,-48,2
22,17,54,523,0.3785,2.1734,0.174151,0,IDLE,59,6,-46,2
22,17,56,120,0.3052,2.1734,0.140425,0,IDLE,58,6,-42,2
22,17,57,725,1.0973,2.1734,0.504877,0,IDLE,59,6,-47,2
22,17,59,437,0.6131,2.1734,0.282093,0,IDLE,60,6,-46,2
22,18,1,179,1.7137,2.1734,0.788488,0,IDLE,58,6,-48,2
22,18,2,715,0.9394,2.1734,0.432226,0,IDLE,64,6,-47,2
22,18,4,456,0.6773,2.1734,0.311632,0,IDLE,57,6,-46,2
22,18,6,299,0.9369,2.1734,0.431076,0,IDLE,55,6,-50,2
22,18,7,860,1.5890,2.1734,0.731113,0,IDLE,60,6,-48,2
22,18,9,577,2.8301,2.1734,1.302153,1,MOTION,62,6,-47,2
22,18,11,10,0.8411,2.1734,0.386997,0,IDLE,68,6,-43,2
22,18,12,750,1.8011,2.1734,0.828702,0,IDLE,57,6,-48,2
22,18,14,321,0.8688,2.1734,0.399742,0,IDLE,61,6,-45,2
22,18,16,129,0.7727,2.1734,0.355526,0,IDLE,60,6,-43,2
22,18,17,775,1.0027,2.1734,0.461351,0,IDLE,55,6,-44,2
22,18,19,406,1.4501,2.1734,0.667203,0,IDLE,64,6,-44,2
22,18,21,250,0.9040,2.1734,0.415938,0,IDLE,55,6,-45,2
22,18,22,992,0.6064,2.1734,0.279010,0,IDLE,56,6,-44,2
22,18,24,804,1.9762,2.1734,0.909267,0,IDLE,54,6,-46,2
22,18,26,200,1.1074,2.1734,0.509524,0,IDLE,69,6,-50,2
22,18,27,806,0.9601,2.1734,0.441750,0,IDLE,64,6,-51,2
22,18,29,545,1.4327,2.1734,0.659198,0,IDLE,57,6,-39,2
22,18,31,272,0.7166,2.1734,0.329714,0,IDLE,58,6,-45,2
22,18,32,825,0.5702,2.1734,0.262354,0,IDLE,61,6,-51,2
22,18,34,768,0.9535,2.1734,0.438714,0,IDLE,54,6,-43,2
22,18,36,406,1.4942,2.1734,0.687494,0,IDLE,60,6,-42,2
22,18,38,249,1.3187,2.1734,0.606745,0,IDLE,55,6,-48,2
22,18,39,888,1.5350,2.1734,0.706267,0,IDLE,59,6,-43,2
22,18,41,527,0.5999,2.1734,0.276019,0,IDLE,61,6,-48,2
22,18,43,164,1.2219,2.1734,0.562207,0,IDLE,60,6,-45,2
22,18,44,701,1.2314,2.1734,0.566578,0,IDLE,66,6,-49,2
22,18,46,544,1.0151,2.1734,0.467056,0,IDLE,53,6,-47,2
22,18,48,387,0.7428,2.1734,0.341769,0,IDLE,54,6,-47,2
22,18,50,130,3.2269,2.1734,1.484724,1,IDLE,57,6,-45,2
22,18,51,768,1.9215,2.1734,0.884099,0,MOTION,60,6,-51,2
22,18,53,508,2.5708,2.1734,1.182847,1,IDLE,57,6,-47,2
22,18,55,249,9.1530,2.1734,4.211374,1,MOTION,57,6,-49,2
22,18,56,905,5.5950,2.1734,2.574308,1,MOTION,57,6,-47,2
22,18,58,519,0.7732,2.1734,0.355756,0,IDLE,64,6,-47,2
22,30,0,374,0.0246,2.6449,0.009301,0,IDLE,60,6,-43,1
22,30,1,910,0.5851,2.6449,0.221218,0,IDLE,68,6,-42,1
22,30,3,142,1.7806,2.6449,0.673220,0,IDLE,81,6,-44,1
22,30,4,164,4.4137,2.6449,1.668759,1,MOTION,89,6,-47,1
22,30,5,188,0.4887,2.6449,0.184771,0,IDLE,99,6,-45,1
22,30,6,146,0.3011,2.6449,0.113842,0,IDLE,95,6,-47,1
22,30,7,236,0.1884,2.6449,0.071231,0,IDLE,99,6,-44,1
22,30,8,464,0.1844,2.6449,0.069719,0,IDLE,81,6,-47,1
22,30,10,205,0.1980,2.6449,0.074861,0,IDLE,57,6,-49,1
22,30,11,774,0.8581,2.6449,0.324436,0,IDLE,60,6,-48,1
22,30,13,483,1.2865,2.6449,0.486408,0,IDLE,62,6,-47,1
22,30,15,226,0.8308,2.6449,0.314114,0,IDLE,59,6,-45,1
22,30,16,862,0.0534,2.6449,0.020190,0,IDLE,57,6,-47,1
22,30,18,621,0.2817,2.6449,0.106507,0,IDLE,54,6,-50,1
22,30,20,73,1.5403,2.6449,0.582366,0,IDLE,68,6,-46,1
22,30,21,814,0.4223,2.6449,0.159666,0,IDLE,57,6,-43,1
22,30,23,621,0.5610,2.6449,0.212106,0,IDLE,58,6,-45,1
22,30,25,157,0.2156,2.6449,0.081515,0,IDLE,63,6,-46,1
22,30,26,890,0.3679,2.6449,0.139098,0,IDLE,57,6,-50,1
22,30,28,651,1.5017,2.6449,0.567772,0,IDLE,58,6,-45,1
22,30,30,390,2.8761,2.6449,1.087414,1,IDLE,56,6,-46,1
22,30,32,122,2.9639,2.6449,1.120609,1,MOTION,57,6,-45,1
22,30,33,877,7.1879,2.6449,2.717645,1,MOTION,54,6,-47,1
22,30,35,711,3.5247,2.6449,1.332640,1,MOTION,56,6,-46,1
22,30,37,166,4.1810,2.6449,1.580778,1,MOTION,65,6,-46,1
22,30,38,982,0.2698,2.6449,0.102008,0,IDLE,57,6,-46,1
22,30,40,622,0.3631,2.6449,0.137283,0,IDLE,60,6,-46,1
22,30,42,565,0.3730,2.6449,0.141026,0,IDLE,52,6,-43,1
22,30,44,205,0.4550,2.6449,0.172029,0,IDLE,59,6,-47,1
22,30,45,946,0.3767,2.6449,0.142425,0,IDLE,57,6,-49,1
22,30,47,687,0.4242,2.6449,0.160384,0,IDLE,58,6,-42,1
22,30,49,325,0.0914,2.6449,0.034557,0,IDLE,60,6,-44,1
22,30,50,963,0.2018,2.6449,0.076298,0,IDLE,60,6,-43,1
22,30,52,602,1.4719,2.6449,0.556505,0,IDLE,61,6,-47,1
22,30,54,342,0.9003,2.6449,0.340391,0,IDLE,56,6,-47,1
22,30,56,86,1.4521,2.6449,0.549019,0,IDLE,62,6,-47,1
22,30,57,619,0.6851,2.6449,0.259027,0,IDLE,59,6,-45,1
22,30,59,463,2.6588,2.6449,1.005255,1,IDLE,54,6,-45,1
22,31,1,103,7.6190,2.6449,2.880638,1,MOTION,61,6,-45,1
22,31,2,752,2.6370,2.6449,0.997013,0,MOTION,57,6,-48,1
22,31,4,482,1.4619,2.6449,0.552724,0,IDLE,60,6,-46,1
22,31,6,222,1.5181,2.6449,0.573973,0,IDLE,57,6,-47,1
22,31,7,760,1.8752,2.6449,0.708987,0,IDLE,64,6,-49,1
22,31,9,499,1.5211,2.6449,0.575107,0,IDLE,58,6,-45,1
22,31,11,137,0.7843,2.6449,0.296533,0,IDLE,60,6,-47,1
22,31,12,675,4.5239,2.6449,1.710424,1,IDLE,64,6,-44,1
22,31,14,327,2.7417,2.6449,1.036599,1,MOTION,57,6,-49,1
22,31,15,954,4.7249,2.6449,1.786419,1,MOTION,61,6,-50,1
22,31,17,692,1.4810,2.6449,0.559946,0,IDLE,61,6,-46,1
22,31,19,226,3.9490,2.6449,1.493062,1,IDLE,63,6,-47,1
22,31,20,971,1.0472,2.6449,0.395932,0,IDLE,57,6,-48,1
22,31,22,709,0.6065,2.6449,0.229309,0,IDLE,57,6,-46,1
22,31,24,347,0.8724,2.6449,0.329842,0,IDLE,61,6,-48,1
22,31,26,88,0.3806,2.6449,0.143900,0,IDLE,54,6,-47,1
22,31,27,828,0.7491,2.6449,0.283224,0,IDLE,59,6,-48,1
22,31,29,570,1.2326,2.6449,0.466029,0,IDLE,57,6,-48,1
22,31,31,310,0.3887,2.6449,0.146962,0,IDLE,60,6,-43,1
22,31,32,949,0.3775,2.6449,0.142728,0,IDLE,57,6,-42,1
22,31,34,606,0.3862,2.6449,0.146017,0,IDLE,57,6,-48,1
22,31,36,352,0.3317,2.6449,0.125411,0,IDLE,60,6,-46,1
22,31,37,968,0.1835,2.6449,0.069379,0,IDLE,61,6,-46,1
22,31,39,606,0.3932,2.6449,0.148663,0,IDLE,60,6,-46,1
22,31,41,251,0.1549,2.6449,0.058566,0,IDLE,57,6,-47,1
22,31,43,88,0.0776,2.6449,0.029339,0,IDLE,57,6,-48,1
22,31,44,829,0.9358,2.6449,0.353813,0,IDLE,58,6,-50,1
22,31,46,364,2.2532,2.6449,0.851904,0,IDLE,64,6,-50,1
22,31,47,929,0.9841,2.6449,0.372075,0,IDLE,60,6,-44,1
22,31,49,743,0.8082,2.6449,0.305569,0,IDLE,58,6,-45,1
22,31,51,383,0.2775,2.6449,0.104919,0,IDLE,59,6,-47,1
22,31,52,947,0.8480,2.6449,0.320617,0,IDLE,61,6,-45,1
22,31,54,568,0.0770,2.6449,0.029113,0,IDLE,61,6,-48,1
22,31,56,298,0.9205,2.6449,0.348028,0,IDLE,63,6,-46,1
22,31,57,935,1.2300,2.6449,0.465046,0,IDLE,57,6,-49,1
22,31,59,883,1.5287,2.6449,0.577980,0,IDLE,52,6,-43,1
22,32,1,725,0.5117,2.6449,0.193467,0,IDLE,54,6,-48,2
22,32,3,262,0.8661,2.6449,0.327460,0,IDLE,64,6,-40,2
22,32,4,830,1.2219,2.6449,0.461983,0,IDLE,61,6,-43,2
22,32,6,640,1.5265,2.6449,0.577148,0,IDLE,58,6,-49,2
22,32,8,383,2.4189,2.6449,0.914553,0,IDLE,56,6,-41,2
22,32,9,926,6.3553,2.6449,2.402851,1,MOTION,61,6,-50,2
22,32,11,659,4.9650,2.6449,1.877198,1,MOTION,60,6,-43,2
22,32,13,298,4.3835,2.6449,1.657341,1,MOTION,61,6,-43,2
22,32,14,936,7.9752,2.6449,3.015312,1,MOTION,61,6,-46,2
22,32,16,677,7.9857,2.6449,3.019282,1,MOTION,57,6,-42,2
22,32,18,241,2.8065,2.6449,1.061099,1,MOTION,61,6,-44,2
22,32,19,861,2.4404,2.6449,0.922681,0,MOTION,61,6,-45,2
22,32,21,585,2.6399,2.6449,0.998110,0,MOTION,59,6,-51,2
22,32,23,435,3.0984,2.6449,1.171462,1,MOTION,55,6,-46,2
22,32,24,971,1.8003,2.6449,0.680668,0,IDLE,61,6,-46,2
22,32,26,815,2.7657,2.6449,1.045673,1,MOTION,57,6,-49,2
22,32,28,659,5.4896,2.6449,2.075542,1,MOTION,56,6,-46,2
22,32,30,196,6.8468,2.6449,2.588680,1,MOTION,61,6,-50,2
22,32,31,935,0.2293,2.6449,0.086695,0,MOTION,58,6,-47,2
22,32,33,575,0.4094,2.6449,0.154788,0,IDLE,61,6,-46,2
22,32,35,212,0.3903,2.6449,0.147567,0,IDLE,57,6,-51,2
22,32,36,852,1.0738,2.6449,0.405989,0,IDLE,64,6,-44,2
22,32,38,591,2.6420,2.6449,0.998904,0,IDLE,57,6,-47,2
22,32,40,231,3.2458,2.6449,1.227192,1,IDLE,61,6,-43,2
22,32,41,771,8.5690,2.6449,3.239820,1,MOTION,60,6,-49,2
22,32,43,405,3.1682,2.6449,1.197852,1,MOTION,64,6,-42,2
22,32,45,152,2.1905,2.6449,0.828198,0,IDLE,57,6,-49,2
22,32,46,989,1.2022,2.6449,0.454535,0,IDLE,54,6,-48,2
22,32,48,628,0.4000,2.6449,0.151234,0,IDLE,60,6,-49,2
22,32,50,267,1.2402,2.6449,0.468902,0,IDLE,61,6,-44,2
22,32,52,6,0.7913,2.6449,0.299180,0,IDLE,59,6,-47,2
22,32,53,544,0.6792,2.6449,0.256796,0,IDLE,61,6,-45,2
22,32,55,181,1.2986,2.6449,0.490983,0,IDLE,60,6,-46,2
22,32,56,851,1.4047,2.6449,0.531098,0,IDLE,57,6,-50,2
22,32,58,561,1.3973,2.6449,0.528300,0,IDLE,61,6,-48,2
22,33,0,202,0.7113,2.6449,0.268933,0,IDLE,61,6,-48,2
22,33,1,941,1.6581,2.6449,0.626905,0,IDLE,56,6,-49,2
22,33,3,623,1.7797,2.6449,0.672880,0,IDLE,57,6,-48,2
22,33,5,229,0.8793,2.6449,0.332451,0,IDLE,61,6,-47,2
22,33,6,859,0.6852,2.6449,0.259065,0,IDLE,65,6,-43,2
22,33,8,496,1.6987,2.6449,0.642255,0,IDLE,60,6,-42,2
22,33,10,234,0.9613,2.6449,0.363454,0,IDLE,57,6,-43,2
22,33,11,977,0.8356,2.6449,0.315929,0,IDLE,57,6,-42,2
22,33,13,716,1.8895,2.6449,0.714394,0,IDLE,57,6,-47,2
22,33,15,355,1.0942,2.6449,0.413702,0,IDLE,61,6,-44,2
22,33,16,995,0.8324,2.6449,0.314719,0,IDLE,60,6,-46,2
22,33,18,734,0.3314,2.6449,0.125298,0,IDLE,57,6,-42,2
22,33,20,475,1.6618,2.6449,0.628304,0,IDLE,57,6,-49,2
22,33,22,217,0.6726,2.6449,0.254301,0,IDLE,57,6,-47,2
22,33,23,753,1.9919,2.6449,0.753110,0,IDLE,64,6,-51,2
22,33,25,218,1.4222,2.6449,0.537714,0,IDLE,64,6,-44,2
22,33,26,824,0.3499,2.6449,0.132292,0,IDLE,62,6,-47,2
22,33,28,567,1.7475,2.6449,0.660706,0,IDLE,60,6,-47,2
22,33,30,133,2.9753,2.6449,1.124920,1,IDLE,60,6,-45,2
22,33,31,843,2.2721,2.6449,0.859049,0,IDLE,61,6,-46,2
22,33,33,481,1.5703,2.6449,0.593709,0,IDLE,61,6,-48,2
22,33,35,140,1.8255,2.6449,0.690196,0,IDLE,61,6,-42,2
22,33,36,862,0.7518,2.6449,0.284245,0,IDLE,56,6,-46,2
22,33,38,703,0.7252,2.6449,0.274188,0,IDLE,54,6,-49,2
22,33,40,444,0.7921,2.6449,0.299482,0,IDLE,57,6,-43,2
22,33,42,83,1.2443,2.6449,0.470453,0,IDLE,61,6,-51,2
22,33,43,823,1.1926,2.6449,0.450906,0,IDLE,57,6,-45,2
22,33,45,463,2.0773,2.6449,0.785398,0,IDLE,59,6,-50,2
22,33,47,137,6.9545,2.6449,2.629400,1,MOTION,57,6,-48,2
22,33,49,48,2.2087,2.6449,0.835079,0,MOTION,57,6,-43,2
22,33,50,480,6.4372,2.6449,2.433816,1,MOTION,65,6,-45,2
22,40,0,780,0.0471,2.4136,0.019514,0,IDLE,63,6,-41,1
22,40,2,521,0.0356,2.4136,0.014750,0,IDLE,57,6,-40,1
22,40,4,326,0.2120,2.4136,0.087836,0,IDLE,54,6,-47,1
22,40,6,2,1.0569,2.4136,0.437894,0,IDLE,60,6,-48,1
22,40,7,641,0.3161,2.4136,0.130966,0,IDLE,61,6,-43,1
22,40,9,382,0.2974,2.4136,0.123218,0,IDLE,57,6,-44,1
22,40,11,22,0.0745,2.4136,0.030867,0,IDLE,61,6,-43,1
22,40,12,865,0.8325,2.4136,0.344920,0,IDLE,54,6,-45,1
22,40,14,502,0.6664,2.4136,0.276102,0,IDLE,61,6,-48,1
22,40,16,66,0.4734,2.4136,0.196139,0,IDLE,60,6,-46,1
22,40,17,810,3.8783,2.4136,1.606853,1,MOTION,58,6,-43,1
22,40,19,519,5.5522,2.4136,2.300381,1,MOTION,60,6,-46,1
22,40,21,158,0.5641,2.4136,0.233717,0,MOTION,60,6,-48,1
22,40,22,694,0.6292,2.4136,0.260689,0,IDLE,62,6,-45,1
22,40,24,334,1.4593,2.4136,0.604616,0,IDLE,63,6,-48,1
22,40,25,972,1.3656,2.4136,0.565794,0,IDLE,61,6,-52,1
22,40,27,610,9.1234,2.4136,3.779997,1,IDLE,60,6,-54,1
22,40,29,281,3.0563,2.4136,1.266283,1,MOTION,57,6,-44,1
22,40,31,92,3.6392,2.4136,1.507789,1,MOTION,58,6,-47,1
22,40,32,832,0.8082,2.4136,0.334853,0,IDLE,59,6,-45,1
22,40,34,573,1.3401,2.4136,0.555229,0,IDLE,57,6,-47,1
22,40,36,110,0.6620,2.4136,0.274279,0,IDLE,61,6,-45,1
22,40,37,674,2.1874,2.4136,0.906281,0,IDLE,61,6,-47,1
22,40,39,591,7.5923,2.4136,3.145633,1,MOTION,55,6,-49,1
22,40,41,333,2.8697,2.4136,1.188971,1,MOTION,59,6,-46,1
22,40,42,970,3.7135,2.4136,1.538573,1,MOTION,55,6,-49,1
22,40,44,610,0.3089,2.4136,0.127983,0,IDLE,63,6,-49,1
22,40,46,350,0.2692,2.4136,0.111535,0,IDLE,57,6,-47,1
22,40,48,92,0.2896,2.4136,0.119987,0,IDLE,57,6,-47,1
22,40,49,841,0.3777,2.4136,0.156488,0,IDLE,57,6,-46,1
22,40,51,573,0.6744,2.4136,0.279417,0,IDLE,60,6,-46,1
22,40,53,317,0.6457,2.4136,0.267526,0,IDLE,57,6,-43,1
22,40,54,951,0.7602,2.4136,0.314965,0,IDLE,57,6,-46,1
22,40,56,692,0.4368,2.4136,0.180974,0,IDLE,58,6,-47,1
22,40,58,332,1.1537,2.4136,0.478000,0,IDLE,59,6,-43,1
22,40,59,979,1.3834,2.4136,0.573169,0,IDLE,58,6,-46,1
22,41,1,915,1.0292,2.4136,0.426417,0,IDLE,54,6,-49,1
22,41,3,660,3.3827,2.4136,1.401516,1,IDLE,57,6,-45,1
22,41,5,295,1.1999,2.4136,0.497141,0,MOTION,61,6,-46,1
22,41,6,934,3.3752,2.4136,1.398409,1,MOTION,63,6,-44,1
22,41,8,470,1.1896,2.4136,0.492874,0,IDLE,62,6,-43,1
22,41,10,210,0.5340,2.4136,0.221246,0,IDLE,57,6,-49,1
22,41,11,849,2.7436,2.4136,1.136725,1,IDLE,60,6,-46,1
22,41,13,489,2.0258,2.4136,0.839327,0,IDLE,61,6,-43,1
22,41,14,921,1.7393,2.4136,0.720625,0,IDLE,65,6,-47,1
22,41,16,598,10.2838,2.4136,4.260772,1,MOTION,59,6,-42,1
22,41,18,404,3.2530,2.4136,1.347779,1,MOTION,57,6,-45,1
22,41,19,974,0.9522,2.4136,0.394514,0,MOTION,61,6,-46,1
22,41,21,682,1.2328,2.4136,0.510772,0,IDLE,61,6,-49,1
22,41,23,311,1.3528,2.4136,0.560491,0,IDLE,60,6,-45,1
22,41,24,872,0.7468,2.4136,0.309413,0,IDLE,61,6,-45,1
22,41,26,594,1.3537,2.4136,0.560863,0,IDLE,61,6,-46,1
22,41,28,233,2.4087,2.4136,0.997970,0,IDLE,61,6,-46,1
22,41,29,975,1.6160,2.4136,0.669539,0,IDLE,57,6,-49,1
22,41,31,341,5.7965,2.4136,2.401599,1,MOTION,68,6,-45,1
22,41,32,946,7.2404,2.4136,2.999834,1,MOTION,66,6,-47,1
22,41,34,792,0.6329,2.4136,0.262222,0,IDLE,53,6,-46,1
22,41,36,425,0.3997,2.4136,0.165603,0,IDLE,60,6,-48,1
22,41,38,167,0.1380,2.4136,0.057176,0,IDLE,60,6,-45,1
22,41,39,527,0.2566,2.4136,0.106314,0,IDLE,65,6,-47,1
22,41,41,240,0.2348,2.4136,0.097282,0,IDLE,60,6,-46,1
22,41,43,84,0.3194,2.4136,0.132333,0,IDLE,54,6,-47,1
22,41,44,823,0.4174,2.4136,0.172937,0,IDLE,58,6,-51,1
22,41,46,463,0.0973,2.4136,0.040313,0,IDLE,61,6,-51,1
22,41,48,0,1.0707,2.4136,0.443611,0,IDLE,63,6,-46,1
22,41,49,636,0.1430,2.4136,0.059248,0,IDLE,60,6,-47,1
22,41,51,479,0.0970,2.4136,0.040189,0,IDLE,55,6,-45,1
22,41,53,34,0.8477,2.4136,0.351218,0,IDLE,60,6,-45,1
22,41,54,961,0.4662,2.4136,0.193155,0,IDLE,54,6,-46,1
22,41,56,498,0.1068,2.4136,0.044249,0,IDLE,64,6,-45,1
22,41,58,238,1.0401,2.4136,0.430933,0,IDLE,57,6,-50,1
22,41,59,877,0.3626,2.4136,0.150232,0,IDLE,61,6,-44,1
22,42,1,618,0.0645,2.4136,0.026724,0,IDLE,58,6,-45,2
22,42,3,14,0.3870,2.4136,0.160341,0,IDLE,68,6,-50,2
22,42,4,691,1.4208,2.4136,0.588664,0,IDLE,60,6,-49,2
22,42,6,432,1.6538,2.4136,0.685201,0,IDLE,57,6,-47,2
22,42,8,172,1.6757,2.4136,0.694274,0,IDLE,57,6,-48,2
22,42,9,919,0.9580,2.4136,0.396917,0,IDLE,57,6,-47,2
22,42,11,655,0.7357,2.4136,0.304814,0,IDLE,57,6,-47,2
22,42,13,125,1.8287,2.4136,0.757665,0,IDLE,63,6,-49,2
22,42,14,930,1.3250,2.4136,0.548972,0,IDLE,58,6,-50,2
22,42,16,466,1.5020,2.4136,0.622307,0,IDLE,63,6,-50,2
22,42,18,111,0.4339,2.4136,0.179773,0,IDLE,58,6,-46,2
22,42,19,884,1.7842,2.4136,0.739228,0,IDLE,59,6,-48,2
22,42,21,409,1.0029,2.4136,0.415520,0,IDLE,61,6,-43,2
22,42,23,226,3.9454,2.4136,1.634654,1,IDLE,60,6,-49,2
22,42,24,661,3.7948,2.4136,1.572257,1,MOTION,65,6,-45,2
22,42,26,298,2.9753,2.4136,1.232723,1,MOTION,61,6,-48,2
22,42,27,833,3.5523,2.4136,1.471785,1,MOTION,65,6,-40,2
22,42,29,286,3.5314,2.4136,1.463126,1,MOTION,65,6,-48,2
22,42,30,907,4.5795,2.4136,1.897373,1,MOTION,65,6,-52,2
22,42,32,356,4.8384,2.4136,2.004640,1,MOTION,64,6,-48,2
22,42,34,80,2.2079,2.4136,0.914775,0,MOTION,58,6,-43,2
22,42,35,821,2.6840,2.4136,1.112032,1,IDLE,60,6,-43,2
22,42,37,463,2.4570,2.4136,1.017981,1,IDLE,60,6,-48,2
22,42,39,29,1.5681,2.4136,0.649693,0,IDLE,60,6,-49,2
22,42,40,651,0.9380,2.4136,0.388631,0,IDLE,61,6,-47,2
22,42,42,275,0.2368,2.4136,0.098111,0,IDLE,64,6,-41,2
22,42,43,811,0.4405,2.4136,0.182507,0,IDLE,65,6,-44,2
22,42,45,345,0.7233,2.4136,0.299677,0,IDLE,63,6,-46,2
22,42,47,190,1.7230,2.4136,0.713871,0,IDLE,55,6,-47,2
22,42,48,828,0.7654,2.4136,0.317120,0,IDLE,59,6,-46,2
22,42,50,397,1.4649,2.4136,0.606936,0,IDLE,61,6,-45,2
22,42,52,105,1.5040,2.4136,0.623136,0,IDLE,60,6,-49,2
22,42,53,846,2.0660,2.4136,0.855983,0,IDLE,57,6,-45,2
22,42,55,571,0.5652,2.4136,0.234173,0,IDLE,58,6,-48,2
22,42,57,327,1.0349,2.4136,0.428779,0,IDLE,57,6,-45,2
22,42,58,999,1.0602,2.4136,0.439261,0,IDLE,56,6,-49,2
22,43,0,814,0.9534,2.4136,0.395012,0,IDLE,57,6,-40,2
22,43,2,653,1.5582,2.4136,0.645592,0,IDLE,54,6,-44,2
22,43,4,393,0.8491,2.4136,0.351798,0,IDLE,57,6,-48,2
22,43,6,31,0.2925,2.4136,0.121188,0,IDLE,60,6,-42,2
22,43,7,670,0.5512,2.4136,0.228373,0,IDLE,60,6,-45,2
22,43,9,513,1.6982,2.4136,0.703596,0,IDLE,54,6,-48,2
22,43,11,255,2.2858,2.4136,0.947050,0,IDLE,57,6,-39,2
22,43,12,817,4.6869,2.4136,1.941871,1,MOTION,60,6,-53,2
22,43,14,635,1.1679,2.4136,0.483883,0,MOTION,57,6,-45,2
22,43,16,377,4.5829,2.4136,1.898782,1,MOTION,56,6,-49,2
22,43,18,108,3.7776,2.4136,1.565131,1,MOTION,57,6,-46,2
22,43,19,958,2.4696,2.4136,1.023202,1,MOTION,54,6,-45,2
22,43,21,700,2.4693,2.4136,1.023078,1,MOTION,58,6,-46,2
22,43,23,197,0.9295,2.4136,0.385109,0,IDLE,64,6,-44,2
22,43,24,879,4.7980,2.4136,1.987902,1,IDLE,58,6,-44,2
22,43,26,410,0.7199,2.4136,0.298268,0,MOTION,68,6,-48,2
22,43,28,49,1.7211,2.4136,0.713084,0,IDLE,62,6,-42,2
22,43,29,689,0.5744,2.4136,0.237985,0,IDLE,60,6,-48,2
22,43,31,428,1.1123,2.4136,0.460847,0,IDLE,56,6,-48,2
22,43,33,67,1.6965,2.4136,0.702892,0,IDLE,62,6,-47,2
22,43,34,607,0.4213,2.4136,0.174553,0,IDLE,63,6,-45,2
22,43,36,43,0.4633,2.4136,0.191954,0,IDLE,66,6,-47,2
22,43,37,777,1.2469,2.4136,0.516614,0,IDLE,60,6,-43,2
22,43,39,467,0.6689,2.4136,0.277138,0,IDLE,58,6,-46,2
22,43,41,157,1.4885,2.4136,0.616714,0,IDLE,57,6,-44,2
22,43,42,898,1.9739,2.4136,0.817824,0,IDLE,59,6,-46,2
22,43,44,266,1.5631,2.4136,0.647622,0,IDLE,69,6,-44,2
22,43,45,971,1.2931,2.4136,0.535756,0,IDLE,61,6,-50,2
22,43,47,609,0.5140,2.4136,0.212960,0,IDLE,61,6,-43,2
22,43,49,452,1.3880,2.4136,0.575075,0,IDLE,54,6,-51,2
22,43,51,25,2.4456,2.4136,1.013258,1,IDLE,59,6,-45,2
22,43,52,830,1.3139,2.4136,0.544374,0,IDLE,60,6,-47,2
22,43,54,572,1.5864,2.4136,0.657275,0,IDLE,55,6,-46,2
22,43,56,35,7.9081,2.4136,3.276475,1,MOTION,63,6,-45,2
22,43,57,849,7.2767,2.4136,3.014874,1,MOTION,57,6,-48,2
22,43,59,421,1.4360,2.4136,0.594962,0,MOTION,60,6,-47,2
22,49,4,996,0.0000,0.2047,0.000000,0,IDLE,0,6,-46,1
22,49,6,808,1.1060,0.2047,5.403029,1,IDLE,55,6,-47,1
22,49,8,548,0.4169,0.2047,2.036639,1,MOTION,59,6,-47,1
22,49,10,76,0.5353,0.2047,2.615046,1,MOTION,60,6,-48,1
22,49,11,824,0.4265,0.2047,2.083537,1,MOTION,58,6,-51,1
22,49,13,464,0.3163,0.2047,1.545188,1,MOTION,59,6,-48,1
22,49,15,204,0.2648,0.2047,1.293600,1,MOTION,57,6,-46,1
22,49,16,949,0.4267,0.2047,2.084514,1,MOTION,55,6,-47,1
22,49,18,688,0.1639,0.2047,0.800684,0,IDLE,60,6,-45,1
22,49,20,222,0.2471,0.2047,1.207132,1,IDLE,65,6,-44,1
22,49,21,860,0.1252,0.2047,0.611627,0,IDLE,63,6,-46,1
22,49,23,498,0.2503,0.2047,1.222765,1,IDLE,58,6,-46,1
22,49,25,65,0.3938,0.2047,1.923791,1,MOTION,60,6,-46,1
22,49,26,811,0.1627,0.2047,0.794822,0,IDLE,57,6,-46,1
22,49,28,624,0.1135,0.2047,0.554470,0,IDLE,57,6,-46,1
22,49,30,84,0.0787,0.2047,0.384465,0,IDLE,64,6,-45,1
22,49,31,793,0.2160,0.2047,1.055203,1,IDLE,61,6,-48,1
22,49,33,432,0.2126,0.2047,1.038593,1,MOTION,60,6,-45,1
22,49,35,72,0.1422,0.2047,0.694675,0,IDLE,61,6,-46,1
22,49,36,711,0.2453,0.2047,1.198339,1,MOTION,59,6,-48,1
22,49,38,452,1.0269,0.2047,5.016610,1,MOTION,58,6,-50,1
22,49,40,107,1.6834,0.2047,8.223742,1,MOTION,57,6,-44,1
22,49,41,822,5.3434,0.2047,26.103566,1,MOTION,60,6,-48,1
22,49,43,572,4.1024,0.2047,20.041036,1,MOTION,58,6,-46,1
22,49,45,208,3.5611,0.2047,17.396678,1,MOTION,61,6,-46,1
22,49,46,849,0.2908,0.2047,1.420616,1,MOTION,60,6,-46,1
22,49,48,588,0.3919,0.2047,1.914509,1,MOTION,56,6,-45,1
22,49,50,434,0.0630,0.2047,0.307767,0,MOTION,54,6,-47,1
22,49,52,174,0.1733,0.2047,0.846605,0,IDLE,57,6,-48,1
22,49,53,811,0.9230,0.2047,4.509038,1,MOTION,60,6,-48,1
22,49,55,564,1.1271,0.2047,5.506106,1,MOTION,57,6,-51,1
22,49,57,190,0.7168,0.2047,3.501710,1,MOTION,64,6,-44,1
22,49,58,831,0.2013,0.2047,0.983390,0,MOTION,58,6,-45,1
22,50,0,468,0.5399,0.2047,2.637518,1,IDLE,61,6,-47,1
22,50,1,901,0.3269,0.2047,1.596971,1,MOTION,68,6,-48,1
22,50,3,747,0.6477,0.2047,3.164143,1,MOTION,55,6,-45,1
22,50,5,485,0.5194,0.2047,2.537372,1,MOTION,56,6,-45,1
22,50,7,226,0.2803,0.2047,1.369321,1,MOTION,57,6,-44,1
22,50,8,967,0.9821,0.2047,4.797753,1,MOTION,56,6,-48,1
22,50,10,605,0.6064,0.2047,2.962384,1,MOTION,60,6,-47,1
22,50,12,245,0.4526,0.2047,2.211041,1,MOTION,60,6,-46,1
22,50,13,986,0.4541,0.2047,2.218368,1,MOTION,58,6,-49,1
22,50,15,624,0.5207,0.2047,2.543723,1,MOTION,60,6,-47,1
22,50,17,263,0.5622,0.2047,2.746458,1,MOTION,61,6,-46,1
22,50,18,940,0.4848,0.2047,2.368344,1,MOTION,56,6,-46,1
22,50,20,847,0.8947,0.2047,4.370787,1,MOTION,55,6,-47,1
22,50,22,586,0.6488,0.2047,3.169516,1,MOTION,56,6,-47,1
22,50,24,365,0.2501,0.2047,1.221788,1,MOTION,56,6,-45,1
22,50,26,68,0.1151,0.2047,0.562286,0,IDLE,58,6,-47,1
22,50,27,728,0.5755,0.2047,2.811431,1,MOTION,56,6,-48,1
22,50,29,362,0.5619,0.2047,2.744993,1,MOTION,61,6,-45,1
22,50,31,21,1.1421,0.2047,5.579384,1,MOTION,60,6,-47,1
22,50,32,725,2.1404,0.2047,10.456277,1,MOTION,61,6,-42,1
22,50,34,363,0.1081,0.2047,0.528090,0,MOTION,61,6,-44,1
22,50,36,3,0.0457,0.2047,0.223254,0,IDLE,61,6,-45,1
22,50,37,640,0.4145,0.2047,2.024915,1,IDLE,61,6,-48,1
22,50,39,131,1.5016,0.2047,7.335613,1,MOTION,64,6,-45,1
22,50,40,927,1.2033,0.2047,5.878359,1,MOTION,57,6,-44,1
22,50,42,658,1.0404,0.2047,5.082560,1,MOTION,58,6,-45,1
22,50,44,299,1.6508,0.2047,8.064485,1,MOTION,60,6,-50,1
22,50,46,40,4.0874,0.2047,19.967758,1,MOTION,54,6,-45,1
22,50,47,882,1.6017,0.2047,7.824621,1,MOTION,56,6,-43,1
22,50,49,521,1.9589,0.2047,9.569614,1,MOTION,61,6,-48,1
22,50,51,159,4.5545,0.2047,22.249634,1,MOTION,61,6,-45,1
22,50,52,901,1.5276,0.2047,7.462628,1,MOTION,57,6,-47,1
22,50,54,468,1.7481,0.2047,8.539814,1,MOTION,60,6,-46,1
22,50,56,175,3.4320,0.2047,16.765999,1,MOTION,58,6,-46,1
22,50,57,817,3.4264,0.2047,16.738642,1,MOTION,63,6,-42,1
22,50,59,466,1.9581,0.2047,9.565706,1,MOTION,57,6,-45,1
22,51,1,125,3.4487,0.2047,16.847582,1,MOTION,60,6,-46,2
22,51,3,39,1.6296,0.2047,7.960918,1,MOTION,55,6,-43,2
22,51,4,675,4.8961,0.2047,23.918417,1,MOTION,60,6,-55,2
22,51,6,318,7.4517,0.2047,36.403029,1,MOTION,62,6,-47,2
22,51,8,57,4.9755,0.2047,24.306302,1,MOTION,56,6,-49,2
22,51,9,796,4.0768,0.2047,19.915975,1,MOTION,57,6,-45,2
22,51,11,538,3.1464,0.2047,15.370787,1,MOTION,57,6,-46,2
22,51,13,176,4.6744,0.2047,22.835369,1,MOTION,60,6,-48,2
22,51,14,840,6.2798,0.2047,30.678065,1,MOTION,56,6,-47,2
22,51,16,658,5.9617,0.2047,29.124084,1,MOTION,58,6,-47,2
22,51,18,296,0.7796,0.2047,3.808500,1,MOTION,61,6,-45,2
22,51,19,933,1.1757,0.2047,5.743527,0,IDLE,57,6,-46,2
22,51,21,777,1.0059,0.2047,4.914021,1,MOTION,57,6,-49,2
22,51,23,561,3.2640,0.2047,15.945286,1,MOTION,54,6,-49,2
22,51,25,260,2.5150,0.2047,12.286273,1,MOTION,61,6,-42,2
22,51,26,817,1.2844,0.2047,6.274548,1,MOTION,60,6,-44,2
22,51,28,573,0.9375,0.2047,4.579873,1,MOTION,57,6,-43,2
22,51,30,100,0.8417,0.2047,4.111871,1,MOTION,65,6,-44,2
22,51,31,610,1.7127,0.2047,8.366878,1,MOTION,69,6,-50,2
22,51,33,350,0.8816,0.2047,4.306790,1,MOTION,58,6,-47,2
22,51,34,990,1.8969,0.2047,9.266732,1,MOTION,61,6,-48,2
22,51,36,831,0.6006,0.2047,2.934050,1,MOTION,54,6,-47,2
22,51,38,473,2.1503,0.2047,10.504641,1,MOTION,59,6,-49,2
22,51,40,315,4.2130,0.2047,20.581339,1,MOTION,55,6,-48,2
22,51,41,874,2.0365,0.2047,9.948705,1,MOTION,60,6,-46,2
22,51,43,590,2.8182,0.2047,13.767465,1,MOTION,64,6,-45,2
22,51,45,53,2.7596,0.2047,13.481192,1,MOTION,61,6,-44,2
22,51,46,766,3.5044,0.2047,17.119687,1,MOTION,64,6,-52,2
22,51,48,403,3.3800,0.2047,16.511969,1,MOTION,58,6,-46,2
22,51,50,145,2.3113,0.2047,11.291158,1,MOTION,60,6,-46,2
22,51,51,689,2.4620,0.2047,12.027357,1,MOTION,62,6,-51,2
22,51,53,421,3.1179,0.2047,15.231558,1,MOTION,59,6,-44,2
22,51,55,165,3.9847,0.2047,19.466048,1,MOTION,55,6,-47,2
22,51,56,826,5.1219,0.2047,25.021495,1,MOTION,56,6,-47,2
22,51,58,747,3.7069,0.2047,18.108940,1,MOTION,54,6,-48,2
22,52,0,388,2.3906,0.2047,11.678554,1,MOTION,61,6,-50,2
22,52,2,127,2.2213,0.2047,10.851490,1,MOTION,58,6,-45,2
22,52,3,665,0.8994,0.2047,4.393747,1,MOTION,60,6,-44,2
22,52,5,300,1.8730,0.2047,9.149976,1,IDLE,63,6,-50,2
22,52,6,939,0.5159,0.2047,2.520274,1,MOTION,62,6,-46,2
22,52,8,579,2.6609,0.2047,12.999023,1,MOTION,59,6,-42,2
22,52,10,319,6.0458,0.2047,29.534929,1,MOTION,58,6,-45,2
22,52,12,61,2.2204,0.2047,10.847093,1,MOTION,56,6,-46,2
22,52,13,798,2.9665,0.2047,14.491939,1,MOTION,57,6,-48,2
22,52,15,540,5.3296,0.2047,26.036150,1,MOTION,58,6,-43,2
22,52,17,94,4.5836,0.2047,22.391793,1,MOTION,61,6,-47,2
22,52,18,735,8.4162,0.2047,41.114802,1,MOTION,60,6,-48,2
22,52,20,456,1.1376,0.2047,5.557401,1,MOTION,60,6,-45,2
22,52,22,95,1.6876,0.2047,8.244260,1,MOTION,58,6,-47,2
22,52,23,734,6.1556,0.2047,30.071324,1,MOTION,61,6,-44,2
22,52,25,477,2.0451,0.2047,9.990718,1,MOTION,63,6,-51,2
22,52,27,112,1.6112,0.2047,7.871031,1,MOTION,58,6,-45,2
22,52,28,956,0.9003,0.2047,4.398144,1,MOTION,54,6,-48,2
22,52,30,698,1.6933,0.2047,8.272106,1,MOTION,57,6,-45,2
22,52,32,336,0.1032,0.2047,0.504152,0,IDLE,60,6,-43,2
22,52,33,877,0.0769,0.2047,0.375672,0,IDLE,61,6,-47,2
22,52,35,509,2.2061,0.2047,10.777235,1,MOTION,64,6,-48,2
22,52,37,66,3.2857,0.2047,16.051295,1,MOTION,61,6,-42,2
22,52,38,892,4.3107,0.2047,21.058622,1,MOTION,57,6,-44,2
22,52,40,631,1.3503,0.2047,6.596483,1,MOTION,57,6,-44,2
22,52,42,166,9.4485,0.2047,46.157792,1,MOTION,68,6,-46,2
22,52,43,906,5.1131,0.2047,24.978505,1,MOTION,55,6,-46,2
22,52,45,545,3.4949,0.2047,17.073278,1,MOTION,60,6,-48,2
22,52,47,92,1.5444,0.2047,7.544700,1,MOTION,61,6,-44,2
22,52,48,827,2.4671,0.2047,12.052272,1,MOTION,61,6,-44,2
22,52,50,465,1.2768,0.2047,6.237421,1,MOTION,63,6,-49,2
22,52,52,28,0.8169,0.2047,3.990718,1,MOTION,57,6,-45,2
22,52,53,739,1.0482,0.2047,5.120664,1,MOTION,61,6,-44,2
22,52,55,573,0.3716,0.2047,1.815340,1,MOTION,56,6,-47,2
22,52,57,323,0.9455,0.2047,4.618955,1,MOTION,54,6,-49,2
22,52,58,961,3.4959,0.2047,17.078163,1,MOTION,61,6,-46,2
22,53,0,703,1.7269,0.2047,8.436248,1,MOTION,56,6,-44,2
22,53,2,445,0.5534,0.2047,2.703468,1,MOTION,58,6,-43,2
22,53,4,82,2.0768,0.2047,10.145579,1,MOTION,60,6,-46,2
22,53,5,925,2.7377,0.2047,13.374206,1,MOTION,54,6,-44,2
22,53,7,460,1.7616,0.2047,8.605765,1,MOTION,64,6,-48,2
22,53,9,29,0.6396,0.2047,3.124573,1,MOTION,60,6,-44,2
22,53,10,739,2.1679,0.2047,10.590620,1,MOTION,61,6,-45,2